ngay,ma_ngoai_te,ten_ngoai_te,mua_tien_mat,mua_chuyen_khoan,ban
2020-02-01,JPY,YEN,206.01,208.09,215.42
2020-02-02,JPY,YEN,206.01,208.09,215.42
2020-02-03,JPY,YEN,207.26,209.35,216.78
2020-02-04,JPY,YEN,206.37,208.45,215.79
2020-02-05,JPY,YEN,204.98,207.05,214.35
2020-02-06,JPY,YEN,204.33,206.39,213.66
2020-02-07,JPY,YEN,204.25,206.31,213.58
2020-02-08,JPY,YEN,204.25,206.31,213.58
2020-02-09,JPY,YEN,204.25,206.31,213.58
2020-02-10,JPY,YEN,204.73,206.8,214.09
2020-02-11,JPY,YEN,204.48,206.55,213.82
2020-02-12,JPY,YEN,204.42,206.48,213.75
2020-02-13,JPY,YEN,204.26,206.32,213.59
2020-02-14,JPY,YEN,204.56,206.63,213.91
2020-02-15,JPY,YEN,204.56,206.63,213.91
2020-02-16,JPY,YEN,204.56,206.63,213.91
2020-02-17,JPY,YEN,204.46,206.53,213.8
2020-02-18,JPY,YEN,204.57,206.64,213.92
2020-02-19,JPY,YEN,204.34,206.4,213.67
2020-02-20,JPY,YEN,201.86,203.9,211.08
2020-02-21,JPY,YEN,200.6,202.63,209.77
2020-02-22,JPY,YEN,200.6,202.63,209.77
2020-02-23,JPY,YEN,200.6,202.63,209.77
2020-02-24,JPY,YEN,202.01,204.05,211.24
2020-02-25,JPY,YEN,203.08,205.13,212.36
2020-02-26,JPY,YEN,203.29,205.34,212.58
2020-02-27,JPY,YEN,204.12,206.18,213.44
2020-02-28,JPY,YEN,206.67,208.76,216.11
2020-02-29,JPY,YEN,206.67,208.76,216.11
2020-03-01,JPY,YEN,206.67,208.76,216.11
2020-03-02,JPY,YEN,208.68,210.79,218.22
2020-03-03,JPY,YEN,207.84,209.94,217.34
2020-03-04,JPY,YEN,208.93,211.04,218.47
2020-03-05,JPY,YEN,209.03,211.14,218.57
2020-03-06,JPY,YEN,211.77,213.91,221.45
2020-03-07,JPY,YEN,211.77,213.91,221.45
2020-03-08,JPY,YEN,211.77,213.91,221.45
2020-03-09,JPY,YEN,218.49,220.7,229.64
2020-03-10,JPY,YEN,216.55,218.74,227.6
2020-03-11,JPY,YEN,213.41,215.57,224.3
2020-03-12,JPY,YEN,216.2,218.38,227.22
2020-03-13,JPY,YEN,213.69,215.85,224.59
2020-03-14,JPY,YEN,213.69,215.85,224.59
2020-03-15,JPY,YEN,213.69,215.85,224.59
2020-03-16,JPY,YEN,212.85,215.0,225.17
2020-03-17,JPY,YEN,212.84,214.99,225.16
2020-03-18,JPY,YEN,211.79,213.93,224.04
2020-03-19,JPY,YEN,209.13,211.24,221.23
2020-03-20,JPY,YEN,209.13,211.24,221.23
2020-03-21,JPY,YEN,208.67,210.78,220.85
2020-03-22,JPY,YEN,208.67,210.78,220.85
2020-03-23,JPY,YEN,209.46,211.58,221.58
2020-03-24,JPY,YEN,207.9,210.0,219.93
2020-03-25,JPY,YEN,204.81,206.88,215.25
2020-03-26,JPY,YEN,207.95,210.05,218.55
2020-03-27,JPY,YEN,209.86,211.98,220.6
2020-03-28,JPY,YEN,209.86,211.98,220.6
2020-03-29,JPY,YEN,209.86,211.98,220.6
2020-03-30,JPY,YEN,211.81,213.95,222.6
2020-03-31,JPY,YEN,210.44,212.57,221.18
2020-04-01,JPY,YEN,211.88,214.02,222.68
2020-04-02,JPY,YEN,211.88,214.02,222.68
2020-04-03,JPY,YEN,208.84,210.95,219.58
2020-04-04,JPY,YEN,208.84,210.95,219.58
2020-04-05,JPY,YEN,208.84,210.95,219.58
2020-04-06,JPY,YEN,208.1,210.2,218.71
2020-04-07,JPY,YEN,208.38,210.48,219.0
2020-04-08,JPY,YEN,208.97,211.08,219.62
2020-04-09,JPY,YEN,208.41,210.52,219.04
2020-04-10,JPY,YEN,208.92,211.03,219.57
2020-04-11,JPY,YEN,208.92,211.03,219.57
2020-04-12,JPY,YEN,208.92,211.03,219.57
2020-04-13,JPY,YEN,209.58,211.7,220.27
2020-04-14,JPY,YEN,210.78,212.91,221.53
2020-04-15,JPY,YEN,211.48,213.62,222.27
2020-04-16,JPY,YEN,210.27,212.39,220.99
2020-04-17,JPY,YEN,210.21,212.33,220.83
2020-04-18,JPY,YEN,210.21,212.33,220.83
2020-04-19,JPY,YEN,210.21,212.33,220.83
2020-04-20,JPY,YEN,212.03,214.17,223.14
2020-04-21,JPY,YEN,212.95,215.1,224.12
2020-04-22,JPY,YEN,212.4,214.55,223.54
2020-04-23,JPY,YEN,212.42,214.57,223.57
2020-04-24,JPY,YEN,212.82,214.97,223.98
2020-04-25,JPY,YEN,212.82,214.97,223.98
2020-04-26,JPY,YEN,212.82,214.97,223.98
2020-04-27,JPY,YEN,211.72,213.86,221.84
2020-04-28,JPY,YEN,211.28,213.41,221.28
2020-04-29,JPY,YEN,212.39,214.54,222.55
2020-04-30,JPY,YEN,212.39,214.54,222.55
2020-05-01,JPY,YEN,212.39,214.54,222.55
2020-05-02,JPY,YEN,212.39,214.54,222.55
2020-05-03,JPY,YEN,212.39,214.54,222.55
2020-05-04,JPY,YEN,212.13,214.27,222.27
2020-05-05,JPY,YEN,212.34,214.48,222.48
2020-05-06,JPY,YEN,212.77,214.92,222.94
2020-05-07,JPY,YEN,212.67,214.82,222.84
2020-05-08,JPY,YEN,212.33,214.47,222.48
2020-05-09,JPY,YEN,212.33,214.47,222.48
2020-05-10,JPY,YEN,212.33,214.47,222.48
2020-05-11,JPY,YEN,211.06,213.19,221.15
2020-05-12,JPY,YEN,209.66,211.78,219.68
2020-05-13,JPY,YEN,210.62,212.75,220.69
2020-05-14,JPY,YEN,211.31,213.44,221.41
2020-05-15,JPY,YEN,213.44,215.6,225.12
2020-05-16,JPY,YEN,213.44,215.6,225.12
2020-05-17,JPY,YEN,213.44,215.6,225.12
2020-05-18,JPY,YEN,212.9,215.05,224.55
2020-05-19,JPY,YEN,211.98,214.12,223.58
2020-05-20,JPY,YEN,210.79,212.92,220.71
2020-05-21,JPY,YEN,210.63,212.76,220.55
2020-05-22,JPY,YEN,209.35,211.46,219.36
2020-05-23,JPY,YEN,209.35,211.46,219.36
2020-05-24,JPY,YEN,209.35,211.46,219.36
2020-05-25,JPY,YEN,209.11,211.22,219.1
2020-05-26,JPY,YEN,209.0,211.11,219.65
2020-05-27,JPY,YEN,209.69,211.81,220.39
2020-05-28,JPY,YEN,208.8,210.91,219.45
2020-05-29,JPY,YEN,209.53,211.65,220.22
2020-05-30,JPY,YEN,209.53,211.65,220.22
2020-05-31,JPY,YEN,209.53,211.65,220.22
2020-06-01,JPY,YEN,208.77,210.88,219.41
2020-06-02,JPY,YEN,208.98,211.09,219.64
2020-06-03,JPY,YEN,206.96,209.05,217.52
2020-06-04,JPY,YEN,206.52,208.61,217.06
2020-06-05,JPY,YEN,205.45,207.53,215.93
2020-06-06,JPY,YEN,205.45,207.53,215.93
2020-06-07,JPY,YEN,205.45,207.53,215.93
2020-06-08,JPY,YEN,205.05,207.12,215.51
2020-06-09,JPY,YEN,207.67,209.77,218.27
2020-06-10,JPY,YEN,208.68,210.79,219.32
2020-06-11,JPY,YEN,209.59,211.71,220.28
2020-06-12,JPY,YEN,210.61,212.74,221.35
2020-06-13,JPY,YEN,210.61,212.74,221.35
2020-06-14,JPY,YEN,210.61,212.74,221.35
2020-06-15,JPY,YEN,209.16,211.27,219.83
2020-06-16,JPY,YEN,211.45,213.59,223.03
2020-06-17,JPY,YEN,211.25,213.38,222.81
2020-06-18,JPY,YEN,212.49,214.64,224.13
2020-06-19,JPY,YEN,212.34,214.48,223.96
2020-06-20,JPY,YEN,212.34,214.48,223.96
2020-06-21,JPY,YEN,212.34,214.48,223.96
2020-06-22,JPY,YEN,212.6,214.75,224.24
2020-06-23,JPY,YEN,212.29,214.43,223.91
2020-06-24,JPY,YEN,210.56,212.69,220.63
2020-06-25,JPY,YEN,209.24,211.35,219.24
2020-06-26,JPY,YEN,209.72,211.84,219.75
2020-06-27,JPY,YEN,209.72,211.84,219.75
2020-06-28,JPY,YEN,209.72,211.84,219.75
2020-06-29,JPY,YEN,209.33,211.44,219.33
2020-06-30,JPY,YEN,208.26,210.36,218.22
2020-07-01,JPY,YEN,208.23,210.33,218.18
2020-07-02,JPY,YEN,208.65,210.76,218.63
2020-07-03,JPY,YEN,208.65,210.76,218.63
2020-07-04,JPY,YEN,208.65,210.76,218.63
2020-07-05,JPY,YEN,208.65,210.76,218.63
2020-07-06,JPY,YEN,208.34,210.44,218.29
2020-07-07,JPY,YEN,208.84,210.95,218.82
2020-07-08,JPY,YEN,208.5,210.61,218.47
2020-07-09,JPY,YEN,209.03,211.14,219.03
2020-07-10,JPY,YEN,209.2,211.31,219.2
2020-07-11,JPY,YEN,209.2,211.31,219.2
2020-07-12,JPY,YEN,209.2,211.31,219.2
2020-07-13,JPY,YEN,209.52,211.64,219.55
2020-07-14,JPY,YEN,208.71,210.82,218.69
2020-07-15,JPY,YEN,208.88,210.99,218.87
2020-07-16,JPY,YEN,212.42,214.57,222.47
2020-07-17,JPY,YEN,212.09,214.23,222.11
2020-07-18,JPY,YEN,212.09,214.23,222.11
2020-07-19,JPY,YEN,212.09,214.23,222.11
2020-07-20,JPY,YEN,211.59,213.73,221.6
2020-07-21,JPY,YEN,211.91,214.05,221.93
2020-07-22,JPY,YEN,209.72,211.84,219.75
2020-07-23,JPY,YEN,209.0,211.11,218.99
2020-07-24,JPY,YEN,210.73,212.86,220.81
2020-07-25,JPY,YEN,210.73,212.86,220.81
2020-07-26,JPY,YEN,210.73,212.86,220.81
2020-07-27,JPY,YEN,211.77,213.91,221.89
2020-07-28,JPY,YEN,212.75,214.9,222.92
2020-07-29,JPY,YEN,213.1,215.25,223.28
2020-07-30,JPY,YEN,213.22,215.37,223.41
2020-07-31,JPY,YEN,214.18,216.34,224.42
2020-08-01,JPY,YEN,214.18,216.34,224.42
2020-08-02,JPY,YEN,214.18,216.34,224.42
2020-08-03,JPY,YEN,211.03,213.16,221.12
2020-08-04,JPY,YEN,211.17,213.3,221.26
2020-08-05,JPY,YEN,212.01,214.15,222.14
2020-08-06,JPY,YEN,212.31,214.45,222.46
2020-08-07,JPY,YEN,212.27,214.41,222.42
2020-08-08,JPY,YEN,212.27,214.41,222.42
2020-08-09,JPY,YEN,212.27,214.41,222.42
2020-08-10,JPY,YEN,211.79,213.93,221.91
2020-08-11,JPY,YEN,211.03,213.16,221.12
2020-08-12,JPY,YEN,210.08,212.2,220.12
2020-08-13,JPY,YEN,209.9,212.02,219.94
2020-08-14,JPY,YEN,209.43,211.55,219.44
2020-08-15,JPY,YEN,209.43,211.55,219.44
2020-08-16,JPY,YEN,209.43,211.55,219.44
2020-08-17,JPY,YEN,210.32,212.44,220.37
2020-08-18,JPY,YEN,211.81,213.95,221.93
2020-08-19,JPY,YEN,212.98,215.13,223.16
2020-08-20,JPY,YEN,211.09,213.22,221.18
2020-08-21,JPY,YEN,212.05,214.19,222.86
2020-08-22,JPY,YEN,212.05,214.19,222.86
2020-08-23,JPY,YEN,212.05,214.19,222.86
2020-08-24,JPY,YEN,211.77,213.91,221.89
2020-08-25,JPY,YEN,211.37,213.5,221.47
2020-08-26,JPY,YEN,210.43,212.56,220.49
2020-08-27,JPY,YEN,211.27,213.4,221.37
2020-08-28,JPY,YEN,209.94,212.06,219.98
2020-08-29,JPY,YEN,209.94,212.06,219.98
2020-08-30,JPY,YEN,209.94,212.06,219.98
2020-08-31,JPY,YEN,212.49,214.64,222.65
2020-09-01,JPY,YEN,211.58,213.72,221.7
2020-09-02,JPY,YEN,211.58,213.72,221.7
2020-09-03,JPY,YEN,210.91,213.04,220.99
2020-09-04,JPY,YEN,211.05,213.18,221.14
2020-09-05,JPY,YEN,211.05,213.18,221.14
2020-09-06,JPY,YEN,211.05,213.18,221.14
2020-09-07,JPY,YEN,210.65,212.78,220.72
2020-09-08,JPY,YEN,210.73,212.86,220.81
2020-09-09,JPY,YEN,211.42,213.56,221.54
2020-09-10,JPY,YEN,210.97,213.1,221.06
2020-09-11,JPY,YEN,211.11,213.24,221.2
2020-09-12,JPY,YEN,211.11,213.24,221.2
2020-09-13,JPY,YEN,211.11,213.24,221.2
2020-09-14,JPY,YEN,212.08,214.22,224.3
2020-09-15,JPY,YEN,213.22,215.37,225.76
2020-09-16,JPY,YEN,213.95,216.11,226.53
2020-09-17,JPY,YEN,216.04,218.22,227.85
2020-09-18,JPY,YEN,216.06,218.24,227.87
2020-09-19,JPY,YEN,216.06,218.24,227.87
2020-09-20,JPY,YEN,216.06,218.24,227.87
2020-09-21,JPY,YEN,214.93,217.1,226.59
2020-09-22,JPY,YEN,214.34,216.51,225.99
2020-09-23,JPY,YEN,213.87,216.03,225.48
2020-09-24,JPY,YEN,213.06,215.21,224.63
2020-09-25,JPY,YEN,212.6,214.75,223.67
2020-09-26,JPY,YEN,212.6,214.75,223.67
2020-09-27,JPY,YEN,212.6,214.75,223.67
2020-09-28,JPY,YEN,212.62,214.77,223.69
2020-09-29,JPY,YEN,212.68,214.83,223.76
2020-09-30,JPY,YEN,212.05,214.19,223.09
2020-10-01,JPY,YEN,212.46,214.61,223.52
2020-10-02,JPY,YEN,212.36,214.51,223.42
2020-10-03,JPY,YEN,212.36,214.51,223.42
2020-10-04,JPY,YEN,212.36,214.51,223.42
2020-10-05,JPY,YEN,212.47,214.62,223.53
2020-10-06,JPY,YEN,212.27,214.41,223.32
2020-10-07,JPY,YEN,211.73,213.87,222.75
2020-10-08,JPY,YEN,211.47,213.61,222.49
2020-10-09,JPY,YEN,211.44,213.58,222.46
2020-10-10,JPY,YEN,211.44,213.58,222.46
2020-10-11,JPY,YEN,211.44,213.58,222.46
2020-10-12,JPY,YEN,212.39,214.53,223.45
2020-10-13,JPY,YEN,212.65,214.8,223.72
2020-10-14,JPY,YEN,212.45,214.6,223.51
2020-10-15,JPY,YEN,212.83,214.98,223.92
2020-10-16,JPY,YEN,212.69,214.84,223.77
2020-10-17,JPY,YEN,212.69,214.84,223.77
2020-10-18,JPY,YEN,212.69,214.84,223.77
2020-10-19,JPY,YEN,214.12,216.28,225.34
2020-10-20,JPY,YEN,213.94,216.1,225.15
2020-10-21,JPY,YEN,214.08,216.24,225.3
2020-10-22,JPY,YEN,215.7,217.88,227.0
2020-10-23,JPY,YEN,215.64,217.81,226.94
2020-10-24,JPY,YEN,215.64,217.81,226.94
2020-10-25,JPY,YEN,215.64,217.81,226.94
2020-10-26,JPY,YEN,213.79,215.95,224.92
2020-10-27,JPY,YEN,213.77,215.93,224.9
2020-10-28,JPY,YEN,214.44,216.61,225.61
2020-10-29,JPY,YEN,214.59,216.75,225.76
2020-10-30,JPY,YEN,214.71,216.88,225.89
2020-10-31,JPY,YEN,214.71,216.88,225.89
2020-11-01,JPY,YEN,214.71,216.88,225.89
2020-11-02,JPY,YEN,213.88,216.04,225.02
2020-11-03,JPY,YEN,213.88,216.04,225.02
2020-11-04,JPY,YEN,214.17,216.33,225.32
2020-11-05,JPY,YEN,214.65,216.82,225.82
2020-11-06,JPY,YEN,216.45,218.64,227.72
2020-11-07,JPY,YEN,216.45,218.64,227.72
2020-11-08,JPY,YEN,216.45,218.64,227.72
2020-11-09,JPY,YEN,216.39,218.57,227.65
2020-11-10,JPY,YEN,213.14,215.29,224.23
2020-11-11,JPY,YEN,213.06,215.21,224.15
2020-11-12,JPY,YEN,212.55,214.7,223.62
2020-11-13,JPY,YEN,213.24,215.39,224.34
2020-11-14,JPY,YEN,213.24,215.39,224.34
2020-11-15,JPY,YEN,213.24,215.39,224.34
2020-11-16,JPY,YEN,214.23,216.39,225.38
2020-11-17,JPY,YEN,214.31,216.47,225.47
2020-11-18,JPY,YEN,215.27,217.44,226.48
2020-11-19,JPY,YEN,215.72,217.9,226.96
2020-11-20,JPY,YEN,215.78,217.96,227.02
2020-11-21,JPY,YEN,215.78,217.96,227.02
2020-11-22,JPY,YEN,215.78,217.96,227.02
2020-11-23,JPY,YEN,215.65,217.83,226.88
2020-11-24,JPY,YEN,213.99,216.15,225.13
2020-11-25,JPY,YEN,214.22,216.38,225.37
2020-11-26,JPY,YEN,214.64,216.81,225.81
2020-11-27,JPY,YEN,214.91,217.08,226.1
2020-11-28,JPY,YEN,214.91,217.08,226.1
2020-11-29,JPY,YEN,214.91,217.08,226.1
2020-11-30,JPY,YEN,215.25,217.42,226.46
2020-12-01,JPY,YEN,214.48,216.65,225.65
2020-12-02,JPY,YEN,214.3,216.46,225.46
2020-12-03,JPY,YEN,214.05,216.21,225.2
2020-12-04,JPY,YEN,215.3,217.47,226.51
2020-12-05,JPY,YEN,215.3,217.47,226.51
2020-12-06,JPY,YEN,215.3,217.47,226.51
2020-12-07,JPY,YEN,214.78,216.95,225.97
2020-12-08,JPY,YEN,214.89,217.06,226.07
2020-12-09,JPY,YEN,214.68,216.85,225.86
2020-12-10,JPY,YEN,214.41,216.58,225.58
2020-12-11,JPY,YEN,214.72,216.89,225.9
2020-12-12,JPY,YEN,214.72,216.89,225.9
2020-12-13,JPY,YEN,214.72,216.89,225.9
2020-12-14,JPY,YEN,214.93,217.1,226.12
2020-12-15,JPY,YEN,214.8,216.97,225.99
2020-12-16,JPY,YEN,215.59,217.77,226.82
2020-12-17,JPY,YEN,216.03,218.21,227.28
2020-12-18,JPY,YEN,216.76,218.95,228.05
2020-12-19,JPY,YEN,216.76,218.95,228.05
2020-12-20,JPY,YEN,216.76,218.95,228.05
2020-12-21,JPY,YEN,216.0,218.18,227.25
2020-12-22,JPY,YEN,216.36,218.55,227.63
2020-12-23,JPY,YEN,215.78,217.96,227.01
2020-12-24,JPY,YEN,215.78,217.96,227.01
2020-12-25,JPY,YEN,215.74,217.91,226.97
2020-12-26,JPY,YEN,215.74,217.91,226.97
2020-12-27,JPY,YEN,215.74,217.91,226.97
2020-12-28,JPY,YEN,216.04,218.23,227.29
2020-12-29,JPY,YEN,215.67,217.85,226.9
2020-12-30,JPY,YEN,216.03,218.21,227.28
2020-12-31,JPY,YEN,216.37,218.56,227.64
2021-01-01,JPY,YEN,216.37,218.56,227.64
2021-01-02,JPY,YEN,216.37,218.56,227.64
2021-01-03,JPY,YEN,216.37,218.56,227.64
2021-01-04,JPY,YEN,216.53,218.72,227.81
2021-01-05,JPY,YEN,216.46,218.64,227.73
2021-01-06,JPY,YEN,217.44,219.64,228.76
2021-01-07,JPY,YEN,215.77,217.95,227.0
2021-01-08,JPY,YEN,214.42,216.59,225.59
2021-01-09,JPY,YEN,214.42,216.59,225.59
2021-01-10,JPY,YEN,214.42,216.59,225.59
2021-01-11,JPY,YEN,214.08,216.24,225.22
2021-01-12,JPY,YEN,214.02,216.18,225.16
2021-01-13,JPY,YEN,215.11,217.29,226.31
2021-01-14,JPY,YEN,214.64,216.8,225.81
2021-01-15,JPY,YEN,214.86,217.03,226.05
2021-01-16,JPY,YEN,214.86,217.03,226.05
2021-01-17,JPY,YEN,214.86,217.03,226.05
2021-01-18,JPY,YEN,214.91,217.08,226.1
2021-01-19,JPY,YEN,215.37,217.55,226.63
2021-01-20,JPY,YEN,215.62,217.8,226.89
2021-01-21,JPY,YEN,215.96,218.14,227.24
2021-01-22,JPY,YEN,216.23,218.42,227.53
2021-01-23,JPY,YEN,216.23,218.42,227.53
2021-01-24,JPY,YEN,216.23,218.42,227.53
2021-01-25,JPY,YEN,215.58,217.76,226.84
2021-01-26,JPY,YEN,215.69,217.86,226.95
2021-01-27,JPY,YEN,215.92,218.1,227.19
2021-01-28,JPY,YEN,214.46,216.62,225.66
2021-01-29,JPY,YEN,214.01,216.18,225.19
2021-01-30,JPY,YEN,214.01,216.18,225.19
2021-01-31,JPY,YEN,214.01,216.18,225.19
2021-02-01,JPY,YEN,213.57,215.73,224.73
2021-02-02,JPY,YEN,212.96,215.11,224.09
2021-02-03,JPY,YEN,212.87,215.02,223.99
2021-02-04,JPY,YEN,212.66,214.81,223.77
2021-02-05,JPY,YEN,211.41,213.54,222.45
2021-02-06,JPY,YEN,211.41,213.54,222.45
2021-02-07,JPY,YEN,211.41,213.54,222.45
2021-02-08,JPY,YEN,211.25,213.38,222.29
2021-02-09,JPY,YEN,212.4,214.55,225.06
2021-02-10,JPY,YEN,212.4,214.55,225.06
2021-02-11,JPY,YEN,212.4,214.55,225.06
2021-02-12,JPY,YEN,212.4,214.55,225.06
2021-02-13,JPY,YEN,212.4,214.55,225.06
2021-02-14,JPY,YEN,212.4,214.55,225.06
2021-02-15,JPY,YEN,212.4,214.55,225.06
2021-02-16,JPY,YEN,212.4,214.55,225.06
2021-02-17,JPY,YEN,210.73,212.85,221.74
2021-02-18,JPY,YEN,211.11,213.24,222.13
2021-02-19,JPY,YEN,211.4,213.54,222.45
2021-02-20,JPY,YEN,211.4,213.54,222.45
2021-02-21,JPY,YEN,211.4,213.54,222.45
2021-02-22,JPY,YEN,211.69,213.83,222.75
2021-02-23,JPY,YEN,212.77,214.92,223.89
2021-02-24,JPY,YEN,212.18,214.33,223.27
2021-02-25,JPY,YEN,210.65,212.78,221.66
2021-02-26,JPY,YEN,210.26,212.39,221.25
2021-02-27,JPY,YEN,210.26,212.39,221.25
2021-02-28,JPY,YEN,210.26,212.39,221.25
2021-03-01,JPY,YEN,209.72,211.84,220.68
2021-03-02,JPY,YEN,209.13,211.24,220.05
2021-03-03,JPY,YEN,209.24,211.36,220.17
2021-03-04,JPY,YEN,208.74,210.85,219.65
2021-03-05,JPY,YEN,207.08,209.17,217.9
2021-03-06,JPY,YEN,207.08,209.17,217.9
2021-03-07,JPY,YEN,207.08,209.17,217.9
2021-03-08,JPY,YEN,206.16,208.24,216.93
2021-03-09,JPY,YEN,204.99,207.06,215.7
2021-03-10,JPY,YEN,205.25,207.33,215.98
2021-03-11,JPY,YEN,206.16,208.24,216.93
2021-03-12,JPY,YEN,205.97,208.05,216.73
2021-03-13,JPY,YEN,205.97,208.05,216.73
2021-03-14,JPY,YEN,205.97,208.05,216.73
2021-03-15,JPY,YEN,205.22,207.29,218.17
2021-03-16,JPY,YEN,205.06,207.13,218.0
2021-03-17,JPY,YEN,205.15,207.22,218.09
2021-03-18,JPY,YEN,205.45,207.53,218.41
2021-03-19,JPY,YEN,205.24,207.32,218.19
2021-03-20,JPY,YEN,205.24,207.32,218.19
2021-03-21,JPY,YEN,205.24,207.32,218.19
2021-03-22,JPY,YEN,205.88,207.96,216.64
2021-03-23,JPY,YEN,205.77,207.84,216.52
2021-03-24,JPY,YEN,206.07,208.16,216.84
2021-03-25,JPY,YEN,205.47,207.55,216.21
2021-03-26,JPY,YEN,205.06,207.13,215.77
2021-03-27,JPY,YEN,205.06,207.13,215.77
2021-03-28,JPY,YEN,205.06,207.13,215.77
2021-03-29,JPY,YEN,204.31,206.37,214.98
2021-03-30,JPY,YEN,203.8,205.86,214.45
2021-03-31,JPY,YEN,202.38,204.43,212.95
2021-04-01,JPY,YEN,202.09,204.13,212.65
2021-04-02,JPY,YEN,202.37,204.41,212.94
2021-04-03,JPY,YEN,202.37,204.41,212.94
2021-04-04,JPY,YEN,202.37,204.41,212.94
2021-04-05,JPY,YEN,202.39,204.43,212.96
2021-04-06,JPY,YEN,203.17,205.22,213.78
2021-04-07,JPY,YEN,203.93,205.98,214.58
2021-04-08,JPY,YEN,204.09,206.15,214.75
2021-04-09,JPY,YEN,204.59,206.65,215.27
2021-04-10,JPY,YEN,204.59,206.65,215.27
2021-04-11,JPY,YEN,204.59,206.65,215.27
2021-04-12,JPY,YEN,204.29,206.35,214.96
2021-04-13,JPY,YEN,204.38,206.45,215.06
2021-04-14,JPY,YEN,205.61,207.69,216.36
2021-04-15,JPY,YEN,205.58,207.66,216.32
2021-04-16,JPY,YEN,206.04,208.12,216.8
2021-04-17,JPY,YEN,206.04,208.12,216.8
2021-04-18,JPY,YEN,206.04,208.12,216.8
2021-04-19,JPY,YEN,206.39,208.47,217.17
2021-04-20,JPY,YEN,207.08,209.17,217.9
2021-04-21,JPY,YEN,207.08,209.17,217.9
2021-04-22,JPY,YEN,207.26,209.36,218.09
2021-04-23,JPY,YEN,207.23,209.33,218.06
2021-04-24,JPY,YEN,207.23,209.33,218.06
2021-04-25,JPY,YEN,207.23,209.33,218.06
2021-04-26,JPY,YEN,207.64,209.73,218.48
2021-04-27,JPY,YEN,206.75,208.84,217.55
2021-04-28,JPY,YEN,205.42,207.5,216.15
2021-04-29,JPY,YEN,206.09,208.17,216.85
2021-04-30,JPY,YEN,206.09,208.17,216.85
2021-05-01,JPY,YEN,206.09,208.17,216.85
2021-05-02,JPY,YEN,206.09,208.17,216.85
2021-05-03,JPY,YEN,206.09,208.17,216.85
2021-05-04,JPY,YEN,205.1,207.17,215.81
2021-05-05,JPY,YEN,204.72,206.79,215.41
2021-05-06,JPY,YEN,204.7,206.77,215.4
2021-05-07,JPY,YEN,205.26,207.34,215.99
2021-05-08,JPY,YEN,205.26,207.34,215.99
2021-05-09,JPY,YEN,205.26,207.34,215.99
2021-05-10,JPY,YEN,205.91,207.99,216.67
2021-05-11,JPY,YEN,205.44,207.51,216.17
2021-05-12,JPY,YEN,205.63,207.7,216.37
2021-05-13,JPY,YEN,204.11,206.17,214.77
2021-05-14,JPY,YEN,204.41,206.47,215.09
2021-05-15,JPY,YEN,204.41,206.47,215.09
2021-05-16,JPY,YEN,204.41,206.47,215.09
2021-05-17,JPY,YEN,204.71,206.78,215.41
2021-05-18,JPY,YEN,205.44,207.52,216.17
2021-05-19,JPY,YEN,205.1,207.17,215.82
2021-05-20,JPY,YEN,205.23,207.31,215.96
2021-05-21,JPY,YEN,205.59,207.67,216.33
2021-05-22,JPY,YEN,205.59,207.67,216.33
2021-05-23,JPY,YEN,205.59,207.67,216.33
2021-05-24,JPY,YEN,205.78,207.86,216.53
2021-05-25,JPY,YEN,205.59,207.66,216.33
2021-05-26,JPY,YEN,205.63,207.7,216.37
2021-05-27,JPY,YEN,204.93,207.0,215.64
2021-05-28,JPY,YEN,203.5,205.55,214.13
2021-05-29,JPY,YEN,203.5,205.55,214.13
2021-05-30,JPY,YEN,203.5,205.55,214.13
2021-05-31,JPY,YEN,203.4,205.45,214.02
2021-06-01,JPY,YEN,204.27,206.33,214.94
2021-06-02,JPY,YEN,204.12,206.18,214.79
2021-06-03,JPY,YEN,203.63,205.69,214.27
2021-06-04,JPY,YEN,202.98,205.03,213.58
2021-06-05,JPY,YEN,202.98,205.03,213.58
2021-06-06,JPY,YEN,202.98,205.03,213.58
2021-06-07,JPY,YEN,203.62,205.68,214.26
2021-06-08,JPY,YEN,203.63,205.69,214.27
2021-06-09,JPY,YEN,203.54,205.59,214.17
2021-06-10,JPY,YEN,203.17,205.23,213.79
2021-06-11,JPY,YEN,203.48,205.54,214.12
2021-06-12,JPY,YEN,203.48,205.54,214.12
2021-06-13,JPY,YEN,203.48,205.54,214.12
2021-06-14,JPY,YEN,202.78,204.83,213.37
2021-06-15,JPY,YEN,202.43,204.47,213.01
2021-06-16,JPY,YEN,202.25,204.29,212.81
2021-06-17,JPY,YEN,201.26,203.29,211.77
2021-06-18,JPY,YEN,202.59,204.64,213.18
2021-06-19,JPY,YEN,202.59,204.64,213.18
2021-06-20,JPY,YEN,202.59,204.64,213.18
2021-06-21,JPY,YEN,202.99,205.04,213.6
2021-06-22,JPY,YEN,202.29,204.33,212.86
2021-06-23,JPY,YEN,201.44,203.47,211.96
2021-06-24,JPY,YEN,201.26,203.29,211.78
2021-06-25,JPY,YEN,201.51,203.55,212.04
2021-06-26,JPY,YEN,201.51,203.55,212.04
2021-06-27,JPY,YEN,201.51,203.55,212.04
2021-06-28,JPY,YEN,201.78,203.82,212.32
2021-06-29,JPY,YEN,201.93,203.97,212.48
2021-06-30,JPY,YEN,201.96,204.0,212.52
2021-07-01,JPY,YEN,200.97,203.0,211.47
2021-07-02,JPY,YEN,200.0,202.02,210.45
2021-07-03,JPY,YEN,200.0,202.02,210.45
2021-07-04,JPY,YEN,200.0,202.02,210.45
2021-07-05,JPY,YEN,200.75,202.78,211.24
2021-07-06,JPY,YEN,201.37,203.4,211.89
2021-07-07,JPY,YEN,202.0,204.05,212.56
2021-07-08,JPY,YEN,202.09,204.13,212.65
2021-07-09,JPY,YEN,202.98,205.03,213.59
2021-07-10,JPY,YEN,202.98,205.03,213.59
2021-07-11,JPY,YEN,202.98,205.03,213.59
2021-07-12,JPY,YEN,202.66,204.71,213.25
2021-07-13,JPY,YEN,202.42,204.47,213.0
2021-07-14,JPY,YEN,201.8,203.84,212.35
2021-07-15,JPY,YEN,204.44,206.5,215.16
2021-07-16,JPY,YEN,204.16,206.23,214.87
2021-07-17,JPY,YEN,204.16,206.23,214.87
2021-07-18,JPY,YEN,204.16,206.23,214.87
2021-07-19,JPY,YEN,204.23,206.3,214.95
2021-07-20,JPY,YEN,204.81,206.88,215.55
2021-07-21,JPY,YEN,204.29,206.35,215.0
2021-07-22,JPY,YEN,203.62,205.68,214.3
2021-07-23,JPY,YEN,203.5,205.55,214.17
2021-07-24,JPY,YEN,203.5,205.55,214.17
2021-07-25,JPY,YEN,203.5,205.55,214.17
2021-07-26,JPY,YEN,203.04,205.09,213.69
2021-07-27,JPY,YEN,203.52,205.57,214.19
2021-07-28,JPY,YEN,203.92,205.98,214.62
2021-07-29,JPY,YEN,203.94,206.0,214.64
2021-07-30,JPY,YEN,204.45,206.51,215.17
2021-07-31,JPY,YEN,204.45,206.51,215.17
2021-08-01,JPY,YEN,204.45,206.51,215.17
2021-08-02,JPY,YEN,204.02,206.08,214.72
2021-08-03,JPY,YEN,204.69,206.76,215.43
2021-08-04,JPY,YEN,204.69,206.76,215.43
2021-08-05,JPY,YEN,204.06,206.12,214.77
2021-08-06,JPY,YEN,203.51,205.56,214.18
2021-08-07,JPY,YEN,203.51,205.56,214.18
2021-08-08,JPY,YEN,205.19,207.26,215.95
2021-08-09,JPY,YEN,205.19,207.26,215.95
2021-08-10,JPY,YEN,202.3,204.35,212.92
2021-08-11,JPY,YEN,200.89,202.92,211.43
2021-08-12,JPY,YEN,202.77,204.82,213.41
2021-08-13,JPY,YEN,202.77,204.82,213.41
2021-08-14,JPY,YEN,201.83,203.87,212.42
2021-08-15,JPY,YEN,201.83,203.87,212.42
2021-08-16,JPY,YEN,203.4,205.45,214.07
2021-08-17,JPY,YEN,203.9,205.96,214.59
2021-08-18,JPY,YEN,202.92,204.97,213.57
2021-08-19,JPY,YEN,202.28,204.32,212.89
2021-08-20,JPY,YEN,202.57,204.62,213.2
2021-08-21,JPY,YEN,202.57,204.62,213.2
2021-08-22,JPY,YEN,202.57,204.62,213.2
2021-08-23,JPY,YEN,202.5,204.55,213.13
2021-08-24,JPY,YEN,202.76,204.81,213.4
2021-08-25,JPY,YEN,202.54,204.58,213.17
2021-08-26,JPY,YEN,201.68,203.72,212.26
2021-08-27,JPY,YEN,201.99,204.03,212.59
2021-08-28,JPY,YEN,201.99,204.03,212.59
2021-08-29,JPY,YEN,201.99,204.03,212.59
2021-08-30,JPY,YEN,202.23,204.28,212.84
2021-08-31,JPY,YEN,202.11,204.15,212.71
2021-09-01,JPY,YEN,201.16,203.19,212.08
2021-09-02,JPY,YEN,201.16,203.19,212.08
2021-09-03,JPY,YEN,201.16,203.19,212.08
2021-09-04,JPY,YEN,201.16,203.19,212.08
2021-09-05,JPY,YEN,201.16,203.19,212.08
2021-09-06,JPY,YEN,202.01,204.06,212.61
2021-09-07,JPY,YEN,202.18,204.23,212.79
2021-09-08,JPY,YEN,201.32,203.35,211.88
2021-09-09,JPY,YEN,202.05,204.09,213.75
2021-09-10,JPY,YEN,202.38,204.43,214.1
2021-09-11,JPY,YEN,202.38,204.43,214.1
2021-09-12,JPY,YEN,202.38,204.43,214.1
2021-09-13,JPY,YEN,201.9,203.94,213.59
2021-09-14,JPY,YEN,201.72,203.76,213.4
2021-09-15,JPY,YEN,202.77,204.82,214.51
2021-09-16,JPY,YEN,202.85,204.9,214.59
2021-09-17,JPY,YEN,202.13,204.17,213.83
2021-09-18,JPY,YEN,202.13,204.17,213.83
2021-09-19,JPY,YEN,202.13,204.17,213.83
2021-09-20,JPY,YEN,202.06,204.1,213.76
2021-09-21,JPY,YEN,202.64,204.69,214.37
2021-09-22,JPY,YEN,203.28,205.33,215.04
2021-09-23,JPY,YEN,202.0,204.04,213.69
2021-09-24,JPY,YEN,200.85,202.88,212.47
2021-09-25,JPY,YEN,200.85,202.88,212.47
2021-09-26,JPY,YEN,200.85,202.88,212.47
2021-09-27,JPY,YEN,200.45,202.47,212.05
2021-09-28,JPY,YEN,200.05,202.07,211.63
2021-09-29,JPY,YEN,198.76,200.77,210.27
2021-09-30,JPY,YEN,198.25,200.25,208.65
2021-10-01,JPY,YEN,199.24,201.26,209.7
2021-10-02,JPY,YEN,199.24,201.26,209.7
2021-10-03,JPY,YEN,199.24,201.26,209.7
2021-10-04,JPY,YEN,200.05,202.07,210.55
2021-10-05,JPY,YEN,200.07,202.09,210.57
2021-10-06,JPY,YEN,198.83,200.84,209.26
2021-10-07,JPY,YEN,199.24,201.26,209.7
2021-10-08,JPY,YEN,198.62,200.62,209.04
2021-10-09,JPY,YEN,198.62,200.62,209.04
2021-10-10,JPY,YEN,198.62,200.62,209.04
2021-10-11,JPY,YEN,197.7,199.7,208.07
2021-10-12,JPY,YEN,195.54,197.51,205.8
2021-10-13,JPY,YEN,195.5,197.48,205.76
2021-10-14,JPY,YEN,195.87,197.84,206.14
2021-10-15,JPY,YEN,193.96,195.92,205.15
2021-10-16,JPY,YEN,193.96,195.92,205.15
2021-10-17,JPY,YEN,193.96,195.92,205.15
2021-10-18,JPY,YEN,193.3,195.25,204.45
2021-10-19,JPY,YEN,193.23,195.19,204.37
2021-10-20,JPY,YEN,192.52,194.46,203.62
2021-10-21,JPY,YEN,193.21,195.16,204.35
2021-10-22,JPY,YEN,193.79,195.74,204.96
2021-10-23,JPY,YEN,193.79,195.74,204.96
2021-10-24,JPY,YEN,193.79,195.74,204.96
2021-10-25,JPY,YEN,194.19,196.15,205.38
2021-10-26,JPY,YEN,193.97,195.93,205.16
2021-10-27,JPY,YEN,193.48,195.43,204.63
2021-10-28,JPY,YEN,193.92,195.88,205.1
2021-10-29,JPY,YEN,194.13,196.1,205.33
2021-10-30,JPY,YEN,194.13,196.1,205.33
2021-10-31,JPY,YEN,194.13,196.1,205.33
2021-11-01,JPY,YEN,193.35,195.31,204.5
2021-11-02,JPY,YEN,193.45,195.41,204.61
2021-11-03,JPY,YEN,193.67,195.63,204.84
2021-11-04,JPY,YEN,192.76,194.7,203.87
2021-11-05,JPY,YEN,193.25,195.2,204.39
2021-11-06,JPY,YEN,193.25,195.2,204.39
2021-11-07,JPY,YEN,193.25,195.2,204.39
2021-11-08,JPY,YEN,193.5,195.46,204.66
2021-11-09,JPY,YEN,194.15,196.11,205.35
2021-11-10,JPY,YEN,194.75,196.72,205.98
2021-11-11,JPY,YEN,192.95,194.9,204.07
2021-11-12,JPY,YEN,192.31,194.25,203.4
2021-11-13,JPY,YEN,192.31,194.25,203.4
2021-11-14,JPY,YEN,192.31,194.25,203.4
2021-11-15,JPY,YEN,192.82,194.77,203.94
2021-11-16,JPY,YEN,192.45,194.4,204.6
2021-11-17,JPY,YEN,191.33,193.26,203.4
2021-11-18,JPY,YEN,192.45,194.4,204.6
2021-11-19,JPY,YEN,192.31,194.25,204.44
2021-11-20,JPY,YEN,192.31,194.25,204.44
2021-11-21,JPY,YEN,192.31,194.25,204.44
2021-11-22,JPY,YEN,192.74,194.69,204.9
2021-11-23,JPY,YEN,191.71,193.64,203.8
2021-11-24,JPY,YEN,191.34,193.27,202.37
2021-11-25,JPY,YEN,190.66,192.59,201.65
2021-11-26,JPY,YEN,191.44,193.37,202.48
2021-11-27,JPY,YEN,191.44,193.37,202.48
2021-11-28,JPY,YEN,191.44,193.37,202.48
2021-11-29,JPY,YEN,194.48,196.44,206.11
2021-11-30,JPY,YEN,193.91,195.87,205.51
2021-12-01,JPY,YEN,194.2,196.16,205.82
2021-12-02,JPY,YEN,194.8,196.77,206.46
2021-12-03,JPY,YEN,195.3,197.27,206.56
2021-12-04,JPY,YEN,195.3,197.27,206.56
2021-12-05,JPY,YEN,195.3,197.27,206.56
2021-12-06,JPY,YEN,197.84,199.84,209.42
2021-12-07,JPY,YEN,197.23,199.22,208.78
2021-12-08,JPY,YEN,196.45,198.43,207.95
2021-12-09,JPY,YEN,196.29,198.27,207.78
2021-12-10,JPY,YEN,196.17,198.15,207.66
2021-12-11,JPY,YEN,196.17,198.15,207.66
2021-12-12,JPY,YEN,196.17,198.15,207.66
2021-12-13,JPY,YEN,196.22,198.2,207.71
2021-12-14,JPY,YEN,196.05,198.03,207.53
2021-12-15,JPY,YEN,196.27,198.25,207.76
2021-12-16,JPY,YEN,195.53,197.51,206.98
2021-12-17,JPY,YEN,196.03,198.01,207.51
2021-12-18,JPY,YEN,196.03,198.01,207.51
2021-12-19,JPY,YEN,196.03,198.01,207.51
2021-12-20,JPY,YEN,195.71,197.68,207.17
2021-12-21,JPY,YEN,195.3,197.27,206.73
2021-12-22,JPY,YEN,195.07,197.04,206.49
2021-12-23,JPY,YEN,195.0,196.97,206.42
2021-12-24,JPY,YEN,193.95,195.91,205.31
2021-12-25,JPY,YEN,193.95,195.91,205.31
2021-12-26,JPY,YEN,193.95,195.91,205.31
2021-12-27,JPY,YEN,193.13,195.09,204.45
2021-12-28,JPY,YEN,192.8,194.75,204.09
2021-12-29,JPY,YEN,192.87,194.81,204.16
2021-12-30,JPY,YEN,191.78,193.71,203.01
2021-12-31,JPY,YEN,192.01,193.95,203.26
2022-01-01,JPY,YEN,192.01,193.95,203.26
2022-01-02,JPY,YEN,192.01,193.95,203.26
2022-01-03,JPY,YEN,192.01,193.95,203.26
2022-01-04,JPY,YEN,191.53,193.46,202.75
2022-01-05,JPY,YEN,189.97,191.89,201.1
2022-01-06,JPY,YEN,190.01,191.93,201.14
2022-01-07,JPY,YEN,190.11,192.03,201.25
2022-01-08,JPY,YEN,190.11,192.03,201.25
2022-01-09,JPY,YEN,190.11,192.03,201.25
2022-01-10,JPY,YEN,189.93,191.85,201.05
2022-01-11,JPY,YEN,190.89,192.81,202.07
2022-01-12,JPY,YEN,190.9,192.83,202.09
2022-01-13,JPY,YEN,191.95,193.89,203.2
2022-01-14,JPY,YEN,193.05,195.0,204.36
2022-01-15,JPY,YEN,193.05,195.0,204.36
2022-01-16,JPY,YEN,193.05,195.0,204.36
2022-01-17,JPY,YEN,192.66,194.6,203.94
2022-01-18,JPY,YEN,191.95,193.89,203.2
2022-01-19,JPY,YEN,192.29,194.23,203.55
2022-01-20,JPY,YEN,192.32,194.26,203.58
2022-01-21,JPY,YEN,192.94,194.89,204.24
2022-01-22,JPY,YEN,192.94,194.89,204.24
2022-01-23,JPY,YEN,192.94,194.89,204.24
2022-01-24,JPY,YEN,193.25,195.2,204.57
2022-01-25,JPY,YEN,192.65,194.6,203.94
2022-01-26,JPY,YEN,192.82,194.77,204.12
2022-01-27,JPY,YEN,191.46,193.39,202.68
2022-01-28,JPY,YEN,189.35,191.27,201.87
2022-01-29,JPY,YEN,189.35,191.27,201.87
2022-01-30,JPY,YEN,189.35,191.27,201.87
2022-01-31,JPY,YEN,189.35,191.27,201.87
2022-02-01,JPY,YEN,189.35,191.27,201.87
2022-02-02,JPY,YEN,189.35,191.27,201.87
2022-02-03,JPY,YEN,189.35,191.27,201.87
2022-02-04,JPY,YEN,189.35,191.27,201.87
2022-02-05,JPY,YEN,189.35,191.27,201.87
2022-02-06,JPY,YEN,189.35,191.27,201.87
2022-02-07,JPY,YEN,190.68,192.61,201.85
2022-02-08,JPY,YEN,191.22,193.15,202.42
2022-02-09,JPY,YEN,190.67,192.6,201.84
2022-02-10,JPY,YEN,190.29,192.21,201.44
2022-02-11,JPY,YEN,189.65,191.57,200.76
2022-02-12,JPY,YEN,189.65,191.57,200.76
2022-02-13,JPY,YEN,189.65,191.57,200.76
2022-02-14,JPY,YEN,191.15,193.08,202.35
2022-02-15,JPY,YEN,191.36,193.29,202.57
2022-02-16,JPY,YEN,190.81,192.74,201.99
2022-02-17,JPY,YEN,191.66,193.6,202.89
2022-02-18,JPY,YEN,192.33,194.27,203.6
2022-02-19,JPY,YEN,192.33,194.27,203.6
2022-02-20,JPY,YEN,192.33,194.27,203.6
2022-02-21,JPY,YEN,192.29,194.24,203.56
2022-02-22,JPY,YEN,192.61,194.56,203.9
2022-02-23,JPY,YEN,192.45,194.39,203.72
2022-02-24,JPY,YEN,192.68,194.63,203.97
2022-02-25,JPY,YEN,191.91,193.85,203.15
2022-02-26,JPY,YEN,191.91,193.85,203.15
2022-02-27,JPY,YEN,191.91,193.85,203.15
2022-02-28,JPY,YEN,191.51,193.45,202.73
2022-03-01,JPY,YEN,192.06,194.0,203.31
2022-03-02,JPY,YEN,192.4,194.34,203.67
2022-03-03,JPY,YEN,191.75,193.68,202.98
2022-03-04,JPY,YEN,192.0,193.94,203.24
2022-03-05,JPY,YEN,192.0,193.94,203.24
2022-03-06,JPY,YEN,192.0,193.94,203.24
2022-03-07,JPY,YEN,192.82,194.76,204.11
2022-03-08,JPY,YEN,191.98,193.92,203.23
2022-03-09,JPY,YEN,191.34,193.27,202.54
2022-03-10,JPY,YEN,190.97,192.9,202.16
2022-03-11,JPY,YEN,190.03,191.95,201.16
2022-03-12,JPY,YEN,190.03,191.95,201.16
2022-03-13,JPY,YEN,190.03,191.95,201.16
2022-03-14,JPY,YEN,188.4,190.3,199.44
2022-03-15,JPY,YEN,187.81,189.71,198.81
2022-03-16,JPY,YEN,187.43,189.32,198.4
2022-03-17,JPY,YEN,187.32,189.21,198.31
2022-03-18,JPY,YEN,187.12,189.01,198.11
2022-03-19,JPY,YEN,187.12,189.01,198.11
2022-03-20,JPY,YEN,187.12,189.01,198.11
2022-03-21,JPY,YEN,186.64,188.52,197.6
2022-03-22,JPY,YEN,184.72,186.59,195.57
2022-03-23,JPY,YEN,183.71,185.57,194.5
2022-03-24,JPY,YEN,183.78,185.63,194.57
2022-03-25,JPY,YEN,182.23,184.07,192.93
2022-03-26,JPY,YEN,182.23,184.07,192.93
2022-03-27,JPY,YEN,182.23,184.07,192.93
2022-03-28,JPY,YEN,179.83,181.64,190.39
2022-03-29,JPY,YEN,179.26,181.07,189.78
2022-03-30,JPY,YEN,182.44,184.28,193.15
2022-03-31,JPY,YEN,181.96,183.8,192.65
2022-04-01,JPY,YEN,182.31,184.15,193.01
2022-04-02,JPY,YEN,182.31,184.15,193.01
2022-04-03,JPY,YEN,182.31,184.15,193.01
2022-04-04,JPY,YEN,181.49,183.32,192.14
2022-04-05,JPY,YEN,181.11,182.93,191.74
2022-04-06,JPY,YEN,179.54,181.35,190.08
2022-04-07,JPY,YEN,179.69,181.51,190.25
2022-04-08,JPY,YEN,179.29,181.1,189.82
2022-04-09,JPY,YEN,179.29,181.1,189.82
2022-04-10,JPY,YEN,179.29,181.1,189.82
2022-04-11,JPY,YEN,179.29,181.1,189.82
2022-04-12,JPY,YEN,177.13,178.92,187.53
2022-04-13,JPY,YEN,177.19,178.98,187.59
2022-04-14,JPY,YEN,177.88,179.68,188.33
2022-04-15,JPY,YEN,176.36,178.14,186.72
2022-04-16,JPY,YEN,176.36,178.14,186.72
2022-04-17,JPY,YEN,176.36,178.14,186.72
2022-04-18,JPY,YEN,176.17,177.95,186.51
2022-04-19,JPY,YEN,173.88,175.64,184.09
2022-04-20,JPY,YEN,173.56,175.32,183.75
2022-04-21,JPY,YEN,173.89,175.65,184.1
2022-04-22,JPY,YEN,174.31,176.07,184.54
2022-04-23,JPY,YEN,174.31,176.07,184.54
2022-04-24,JPY,YEN,174.31,176.07,184.54
2022-04-25,JPY,YEN,174.08,175.84,184.3
2022-04-26,JPY,YEN,175.17,176.94,185.46
2022-04-27,JPY,YEN,174.65,176.41,184.9
2022-04-28,JPY,YEN,170.94,172.67,180.97
2022-04-29,JPY,YEN,170.78,172.51,180.81
2022-04-30,JPY,YEN,170.78,172.51,180.81
2022-05-01,JPY,YEN,170.78,172.51,180.81
2022-05-02,JPY,YEN,170.78,172.51,180.81
2022-05-03,JPY,YEN,170.78,172.51,180.81
2022-05-04,JPY,YEN,171.68,173.41,181.76
2022-05-05,JPY,YEN,172.99,174.74,183.15
2022-05-06,JPY,YEN,171.29,173.02,181.35
2022-05-07,JPY,YEN,171.29,173.02,181.35
2022-05-08,JPY,YEN,171.29,173.02,181.35
2022-05-09,JPY,YEN,170.53,172.25,180.54
2022-05-10,JPY,YEN,171.27,173.0,181.33
2022-05-11,JPY,YEN,172.55,174.3,182.68
2022-05-12,JPY,YEN,174.71,176.48,184.97
2022-05-13,JPY,YEN,174.64,176.41,184.9
2022-05-14,JPY,YEN,174.64,176.41,184.9
2022-05-15,JPY,YEN,174.64,176.41,184.9
2022-05-16,JPY,YEN,173.44,175.2,183.62
2022-05-17,JPY,YEN,173.97,175.73,184.18
2022-05-18,JPY,YEN,174.18,175.94,184.41
2022-05-19,JPY,YEN,176.14,177.92,186.48
2022-05-20,JPY,YEN,176.49,178.27,186.84
2022-05-21,JPY,YEN,176.49,178.27,186.84
2022-05-22,JPY,YEN,176.49,178.27,186.84
2022-05-23,JPY,YEN,176.47,178.25,186.83
2022-05-24,JPY,YEN,177.16,178.95,187.56
2022-05-25,JPY,YEN,177.65,179.45,188.08
2022-05-26,JPY,YEN,177.26,179.05,187.66
2022-05-27,JPY,YEN,177.6,179.4,188.03
2022-05-28,JPY,YEN,177.6,179.4,188.03
2022-05-29,JPY,YEN,177.6,179.4,188.03
2022-05-30,JPY,YEN,177.49,179.28,187.9
2022-05-31,JPY,YEN,176.02,177.8,186.35
2022-06-01,JPY,YEN,174.85,176.62,185.11
2022-06-02,JPY,YEN,173.57,175.32,183.76
2022-06-03,JPY,YEN,173.77,175.53,183.97
2022-06-04,JPY,YEN,173.77,175.53,183.97
2022-06-05,JPY,YEN,173.77,175.53,183.97
2022-06-06,JPY,YEN,172.5,174.24,182.47
2022-06-07,JPY,YEN,170.56,172.28,180.57
2022-06-08,JPY,YEN,169.92,171.63,179.89
2022-06-09,JPY,YEN,168.83,170.54,178.74
2022-06-10,JPY,YEN,168.58,170.28,178.47
2022-06-11,JPY,YEN,168.58,170.28,178.47
2022-06-12,JPY,YEN,168.58,170.28,178.47
2022-06-13,JPY,YEN,167.38,169.07,177.2
2022-06-14,JPY,YEN,168.11,169.81,177.97
2022-06-15,JPY,YEN,167.22,168.9,177.03
2022-06-16,JPY,YEN,168.36,170.06,178.24
2022-06-17,JPY,YEN,170.16,171.87,180.14
2022-06-18,JPY,YEN,170.16,171.87,180.14
2022-06-19,JPY,YEN,170.16,171.87,180.14
2022-06-20,JPY,YEN,167.04,168.72,176.84
2022-06-21,JPY,YEN,167.51,169.2,177.34
2022-06-22,JPY,YEN,165.53,167.2,175.25
2022-06-23,JPY,YEN,167.01,168.7,176.81
2022-06-24,JPY,YEN,167.31,169.0,177.13
2022-06-25,JPY,YEN,167.31,169.0,177.13
2022-06-26,JPY,YEN,167.31,169.0,177.13
2022-06-27,JPY,YEN,167.64,169.34,177.48
2022-06-28,JPY,YEN,166.79,168.47,176.58
2022-06-29,JPY,YEN,166.01,167.68,175.75
2022-06-30,JPY,YEN,165.73,167.41,175.46
2022-07-01,JPY,YEN,167.24,168.93,176.91
2022-07-02,JPY,YEN,167.24,168.93,176.91
2022-07-03,JPY,YEN,167.24,168.93,176.91
2022-07-04,JPY,YEN,167.51,169.2,177.34
2022-07-05,JPY,YEN,166.88,168.57,176.67
2022-07-06,JPY,YEN,167.52,169.21,177.35
2022-07-07,JPY,YEN,166.93,168.61,176.72
2022-07-08,JPY,YEN,167.05,168.74,176.85
2022-07-09,JPY,YEN,167.05,168.74,176.85
2022-07-10,JPY,YEN,167.05,168.74,176.85
2022-07-11,JPY,YEN,166.51,168.19,176.28
2022-07-12,JPY,YEN,165.8,167.48,175.53
2022-07-13,JPY,YEN,166.09,167.77,175.84
2022-07-14,JPY,YEN,164.07,165.72,173.69
2022-07-15,JPY,YEN,164.15,165.8,173.78
2022-07-16,JPY,YEN,164.15,165.8,173.78
2022-07-17,JPY,YEN,164.15,165.8,173.78
2022-07-18,JPY,YEN,164.9,166.57,174.58
2022-07-19,JPY,YEN,165.29,166.96,174.99
2022-07-20,JPY,YEN,164.75,166.42,174.42
2022-07-21,JPY,YEN,164.43,166.09,174.08
2022-07-22,JPY,YEN,165.4,167.07,175.1
2022-07-23,JPY,YEN,165.4,167.07,175.1
2022-07-24,JPY,YEN,165.4,167.07,175.1
2022-07-25,JPY,YEN,166.99,168.68,176.79
2022-07-26,JPY,YEN,166.18,167.86,175.93
2022-07-27,JPY,YEN,165.9,167.58,175.64
2022-07-28,JPY,YEN,166.8,168.48,176.59
2022-07-29,JPY,YEN,170.3,172.02,180.29
2022-07-30,JPY,YEN,170.3,172.02,180.29
2022-07-31,JPY,YEN,170.3,172.02,180.29
2022-08-01,JPY,YEN,170.89,172.61,180.91
2022-08-02,JPY,YEN,173.66,175.42,183.85
2022-08-03,JPY,YEN,170.83,172.56,180.85
2022-08-04,JPY,YEN,169.42,171.13,179.36
2022-08-05,JPY,YEN,171.11,172.84,181.15
2022-08-06,JPY,YEN,171.11,172.84,181.15
2022-08-07,JPY,YEN,171.11,172.84,181.15
2022-08-08,JPY,YEN,168.05,169.75,177.92
2022-08-09,JPY,YEN,168.67,170.37,178.56
2022-08-10,JPY,YEN,168.2,169.9,178.07
2022-08-11,JPY,YEN,171.29,173.02,181.34
2022-08-12,JPY,YEN,170.7,172.43,180.72
2022-08-13,JPY,YEN,170.7,172.43,180.72
2022-08-14,JPY,YEN,170.7,172.43,180.72
2022-08-15,JPY,YEN,170.9,172.63,180.93
2022-08-16,JPY,YEN,171.08,172.81,181.12
2022-08-17,JPY,YEN,169.51,171.23,179.46
2022-08-18,JPY,YEN,168.39,170.09,178.27
2022-08-19,JPY,YEN,167.13,168.81,176.93
2022-08-20,JPY,YEN,167.13,168.81,176.93
2022-08-21,JPY,YEN,167.13,168.81,176.93
2022-08-22,JPY,YEN,165.92,167.6,175.65
2022-08-23,JPY,YEN,166.11,167.79,175.85
2022-08-24,JPY,YEN,167.22,168.91,177.03
2022-08-25,JPY,YEN,166.85,168.54,176.64
2022-08-26,JPY,YEN,166.72,168.4,176.5
2022-08-27,JPY,YEN,166.72,168.4,176.5
2022-08-28,JPY,YEN,166.72,168.4,176.5
2022-08-29,JPY,YEN,164.56,166.23,174.22
2022-08-30,JPY,YEN,164.48,166.14,174.13
2022-08-31,JPY,YEN,164.9,166.57,174.58
2022-09-01,JPY,YEN,164.9,166.57,174.58
2022-09-02,JPY,YEN,164.9,166.57,174.58
2022-09-03,JPY,YEN,164.9,166.57,174.58
2022-09-04,JPY,YEN,164.9,166.57,174.58
2022-09-05,JPY,YEN,163.12,164.77,172.69
2022-09-06,JPY,YEN,163.21,164.86,172.79
2022-09-07,JPY,YEN,159.33,160.93,168.67
2022-09-08,JPY,YEN,159.22,160.83,168.56
2022-09-09,JPY,YEN,159.43,161.04,168.78
2022-09-10,JPY,YEN,159.43,161.04,168.78
2022-09-11,JPY,YEN,159.43,161.04,168.78
2022-09-12,JPY,YEN,160.21,161.83,169.61
2022-09-13,JPY,YEN,160.98,162.6,170.42
2022-09-14,JPY,YEN,160.99,162.62,170.47
2022-09-15,JPY,YEN,161.09,162.72,170.58
2022-09-16,JPY,YEN,161.12,162.75,170.6
2022-09-17,JPY,YEN,161.12,162.75,170.6
2022-09-18,JPY,YEN,161.12,162.75,170.6
2022-09-19,JPY,YEN,161.67,163.31,171.19
2022-09-20,JPY,YEN,161.54,163.17,171.05
2022-09-21,JPY,YEN,160.89,162.51,170.36
2022-09-22,JPY,YEN,163.5,165.15,173.08
2022-09-23,JPY,YEN,161.93,163.57,171.43
2022-09-24,JPY,YEN,161.93,163.57,171.43
2022-09-25,JPY,YEN,161.93,163.57,171.43
2022-09-26,JPY,YEN,160.56,162.18,169.98
2022-09-27,JPY,YEN,159.98,161.6,169.36
2022-09-28,JPY,YEN,159.76,161.38,169.13
2022-09-29,JPY,YEN,160.11,161.73,169.5
2022-09-30,JPY,YEN,160.65,162.27,170.07
2022-10-01,JPY,YEN,160.65,162.27,170.07
2022-10-02,JPY,YEN,160.65,162.27,170.07
2022-10-03,JPY,YEN,160.53,162.15,169.94
2022-10-04,JPY,YEN,160.63,162.25,170.05
2022-10-05,JPY,YEN,161.09,162.72,170.54
2022-10-06,JPY,YEN,160.76,162.38,170.19
2022-10-07,JPY,YEN,160.35,161.97,169.75
2022-10-08,JPY,YEN,160.35,161.97,169.75
2022-10-09,JPY,YEN,160.35,161.97,169.75
2022-10-10,JPY,YEN,159.82,161.43,169.19
2022-10-11,JPY,YEN,159.85,161.46,169.22
2022-10-12,JPY,YEN,159.15,160.76,168.48
2022-10-13,JPY,YEN,159.42,161.03,168.77
2022-10-14,JPY,YEN,159.09,160.7,168.42
2022-10-15,JPY,YEN,159.09,160.7,168.42
2022-10-16,JPY,YEN,159.09,160.7,168.42
2022-10-17,JPY,YEN,158.93,160.53,168.24
2022-10-18,JPY,YEN,159.48,161.1,168.83
2022-10-19,JPY,YEN,159.54,161.15,168.88
2022-10-20,JPY,YEN,159.14,160.74,168.46
2022-10-21,JPY,YEN,159.93,161.55,169.3
2022-10-22,JPY,YEN,159.93,161.55,169.3
2022-10-23,JPY,YEN,159.93,161.55,169.3
2022-10-24,JPY,YEN,161.73,163.36,171.2
2022-10-25,JPY,YEN,161.64,163.27,171.11
2022-10-26,JPY,YEN,164.26,165.92,173.88
2022-10-27,JPY,YEN,164.74,166.41,174.39
2022-10-28,JPY,YEN,163.33,164.98,172.9
2022-10-29,JPY,YEN,163.33,164.98,172.9
2022-10-30,JPY,YEN,163.33,164.98,172.9
2022-10-31,JPY,YEN,163.15,164.8,172.71
2022-11-01,JPY,YEN,162.6,164.24,172.13
2022-11-02,JPY,YEN,163.93,165.58,173.53
2022-11-03,JPY,YEN,163.62,165.28,173.03
2022-11-04,JPY,YEN,163.33,164.98,172.75
2022-11-05,JPY,YEN,163.33,164.98,172.75
2022-11-06,JPY,YEN,163.33,164.98,172.75
2022-11-07,JPY,YEN,164.36,166.02,173.84
2022-11-08,JPY,YEN,164.76,166.43,174.28
2022-11-09,JPY,YEN,166.29,167.97,175.9
2022-11-10,JPY,YEN,165.33,166.99,174.87
2022-11-11,JPY,YEN,170.75,172.47,180.6
2022-11-12,JPY,YEN,170.75,172.47,180.6
2022-11-13,JPY,YEN,170.75,172.47,180.6
2022-11-14,JPY,YEN,172.62,174.36,182.73
2022-11-15,JPY,YEN,172.1,173.83,182.1
2022-11-16,JPY,YEN,172.28,174.02,182.37
2022-11-17,JPY,YEN,173.08,174.83,183.22
2022-11-18,JPY,YEN,172.27,174.01,182.36
2022-11-19,JPY,YEN,172.27,174.01,182.36
2022-11-20,JPY,YEN,172.27,174.01,182.36
2022-11-21,JPY,YEN,170.32,172.04,180.3
2022-11-22,JPY,YEN,170.13,171.85,180.09
2022-11-23,JPY,YEN,171.05,172.78,181.07
2022-11-24,JPY,YEN,173.78,175.53,183.95
2022-11-25,JPY,YEN,173.58,175.33,183.74
2022-11-26,JPY,YEN,173.58,175.33,183.74
2022-11-27,JPY,YEN,173.58,175.33,183.74
2022-11-28,JPY,YEN,175.16,176.93,185.42
2022-11-29,JPY,YEN,173.71,175.46,183.88
2022-11-30,JPY,YEN,172.81,174.56,183.01
2022-12-01,JPY,YEN,174.64,176.41,184.88
2022-12-02,JPY,YEN,174.05,175.81,184.25
2022-12-03,JPY,YEN,174.05,175.81,184.25
2022-12-04,JPY,YEN,174.05,175.81,184.25
2022-12-05,JPY,YEN,172.03,173.76,182.11
2022-12-06,JPY,YEN,170.58,172.3,180.58
2022-12-07,JPY,YEN,168.63,170.33,178.51
2022-12-08,JPY,YEN,168.78,170.48,178.67
2022-12-09,JPY,YEN,168.1,169.8,177.96
2022-12-10,JPY,YEN,168.1,169.8,177.96
2022-12-11,JPY,YEN,168.1,169.8,177.96
2022-12-12,JPY,YEN,168.45,170.16,178.33
2022-12-13,JPY,YEN,166.74,168.43,176.52
2022-12-14,JPY,YEN,168.51,170.21,178.4
2022-12-15,JPY,YEN,168.37,170.07,178.25
2022-12-16,JPY,YEN,167.48,169.17,177.3
2022-12-17,JPY,YEN,167.48,169.17,177.3
2022-12-18,JPY,YEN,167.48,169.17,177.3
2022-12-19,JPY,YEN,169.44,171.15,179.38
2022-12-20,JPY,YEN,174.36,176.12,184.58
2022-12-21,JPY,YEN,174.43,176.19,184.66
2022-12-22,JPY,YEN,174.92,176.69,185.18
2022-12-23,JPY,YEN,172.98,174.73,183.13
2022-12-24,JPY,YEN,172.98,174.73,183.13
2022-12-25,JPY,YEN,172.98,174.73,183.13
2022-12-26,JPY,YEN,173.57,175.32,183.75
2022-12-27,JPY,YEN,172.56,174.3,182.68
2022-12-28,JPY,YEN,171.15,172.88,181.19
2022-12-29,JPY,YEN,171.91,173.64,181.99
2022-12-30,JPY,YEN,172.9,174.65,183.04
2022-12-31,JPY,YEN,172.9,174.65,183.04
2023-01-01,JPY,YEN,172.9,174.65,183.04
2023-01-02,JPY,YEN,172.9,174.65,183.04
2023-01-03,JPY,YEN,175.01,176.78,185.27
2023-01-04,JPY,YEN,174.72,176.48,185.13
2023-01-05,JPY,YEN,172.22,173.96,182.32
2023-01-06,JPY,YEN,170.32,172.04,180.31
2023-01-07,JPY,YEN,170.32,172.04,180.31
2023-01-08,JPY,YEN,170.32,172.04,180.31
2023-01-09,JPY,YEN,173.02,174.77,183.17
2023-01-10,JPY,YEN,172.68,174.43,182.81
2023-01-11,JPY,YEN,172.37,174.11,182.48
2023-01-12,JPY,YEN,172.91,174.65,183.05
2023-01-13,JPY,YEN,176.66,178.44,187.02
2023-01-14,JPY,YEN,176.66,178.44,187.02
2023-01-15,JPY,YEN,176.66,178.44,187.02
2023-01-16,JPY,YEN,177.22,179.01,187.62
2023-01-17,JPY,YEN,177.46,179.25,187.87
2023-01-18,JPY,YEN,174.3,176.06,184.52
2023-01-19,JPY,YEN,178.05,179.85,188.49
2023-01-20,JPY,YEN,178.05,179.85,188.49
2023-01-21,JPY,YEN,178.05,179.85,188.49
2023-01-22,JPY,YEN,178.05,179.85,188.49
2023-01-23,JPY,YEN,178.05,179.85,188.49
2023-01-24,JPY,YEN,178.05,179.85,188.49
2023-01-25,JPY,YEN,178.05,179.85,188.49
2023-01-26,JPY,YEN,178.05,179.85,188.49
2023-01-27,JPY,YEN,175.71,177.48,186.02
2023-01-28,JPY,YEN,175.71,177.48,186.02
2023-01-29,JPY,YEN,175.71,177.48,186.02
2023-01-30,JPY,YEN,176.0,177.78,186.33
2023-01-31,JPY,YEN,174.96,176.73,185.23
2023-02-01,JPY,YEN,175.34,177.11,185.62
2023-02-02,JPY,YEN,177.65,179.44,188.07
2023-02-03,JPY,YEN,177.36,179.15,187.76
2023-02-04,JPY,YEN,177.36,179.15,187.76
2023-02-05,JPY,YEN,177.36,179.15,187.76
2023-02-06,JPY,YEN,172.56,174.3,182.68
2023-02-07,JPY,YEN,174.04,175.8,184.33
2023-02-08,JPY,YEN,175.33,177.11,185.62
2023-02-09,JPY,YEN,174.96,176.73,185.23
2023-02-10,JPY,YEN,174.14,175.9,184.36
2023-02-11,JPY,YEN,174.14,175.9,184.36
2023-02-12,JPY,YEN,174.14,175.9,184.36
2023-02-13,JPY,YEN,173.42,175.17,183.59
2023-02-14,JPY,YEN,173.63,175.38,183.82
2023-02-15,JPY,YEN,172.24,173.98,182.34
2023-02-16,JPY,YEN,172.06,173.8,182.16
2023-02-17,JPY,YEN,171.62,173.35,181.68
2023-02-18,JPY,YEN,171.62,173.35,181.68
2023-02-19,JPY,YEN,171.62,173.35,181.68
2023-02-20,JPY,YEN,172.01,173.75,182.1
2023-02-21,JPY,YEN,171.56,173.3,181.7
2023-02-22,JPY,YEN,171.51,173.25,181.57
2023-02-23,JPY,YEN,171.72,173.46,181.87
2023-02-24,JPY,YEN,171.87,173.6,181.95
2023-02-25,JPY,YEN,171.87,173.6,181.95
2023-02-26,JPY,YEN,171.87,173.6,181.95
2023-02-27,JPY,YEN,169.99,171.71,179.96
2023-02-28,JPY,YEN,169.1,170.81,179.1
2023-03-01,JPY,YEN,169.32,171.03,179.32
2023-03-02,JPY,YEN,168.75,170.45,178.65
2023-03-03,JPY,YEN,169.07,170.77,178.98
2023-03-04,JPY,YEN,169.07,170.77,178.98
2023-03-05,JPY,YEN,169.07,170.77,178.98
2023-03-06,JPY,YEN,169.97,171.69,179.94
2023-03-07,JPY,YEN,169.15,170.86,179.15
2023-03-08,JPY,YEN,167.67,169.36,177.57
2023-03-09,JPY,YEN,168.29,169.99,178.16
2023-03-10,JPY,YEN,168.81,170.51,178.71
2023-03-11,JPY,YEN,168.81,170.51,178.71
2023-03-12,JPY,YEN,168.81,170.51,178.71
2023-03-13,JPY,YEN,170.39,172.11,180.39
2023-03-14,JPY,YEN,171.43,173.16,181.56
2023-03-15,JPY,YEN,170.01,171.73,179.99
2023-03-16,JPY,YEN,172.71,174.46,182.84
2023-03-17,JPY,YEN,171.82,173.56,181.9
2023-03-18,JPY,YEN,171.82,173.56,181.9
2023-03-19,JPY,YEN,171.82,173.56,181.9
2023-03-20,JPY,YEN,174.63,176.4,184.88
2023-03-21,JPY,YEN,174.14,175.9,184.43
2023-03-22,JPY,YEN,172.79,174.53,183.08
2023-03-23,JPY,YEN,174.87,176.63,185.12
2023-03-24,JPY,YEN,175.83,177.6,186.14
2023-03-25,JPY,YEN,175.83,177.6,186.14
2023-03-26,JPY,YEN,175.83,177.6,186.14
2023-03-27,JPY,YEN,174.95,176.72,185.22
2023-03-28,JPY,YEN,174.18,175.94,184.47
2023-03-29,JPY,YEN,173.28,175.03,183.45
2023-03-30,JPY,YEN,172.43,174.17,182.54
2023-03-31,JPY,YEN,170.91,172.63,180.93
2023-04-01,JPY,YEN,170.91,172.63,180.93
2023-04-02,JPY,YEN,170.91,172.63,180.93
2023-04-03,JPY,YEN,171.14,172.87,181.18
2023-04-04,JPY,YEN,171.96,173.7,182.05
2023-04-05,JPY,YEN,173.27,175.02,183.44
2023-04-06,JPY,YEN,173.52,175.28,183.7
2023-04-07,JPY,YEN,173.17,174.92,183.33
2023-04-08,JPY,YEN,173.17,174.92,183.33
2023-04-09,JPY,YEN,173.17,174.92,183.33
2023-04-10,JPY,YEN,172.01,173.74,182.1
2023-04-11,JPY,YEN,171.04,172.77,181.07
2023-04-12,JPY,YEN,170.67,172.39,180.76
2023-04-13,JPY,YEN,171.15,172.87,181.19
2023-04-14,JPY,YEN,172.32,174.06,182.43
2023-04-15,JPY,YEN,172.32,174.06,182.43
2023-04-16,JPY,YEN,172.32,174.06,182.43
2023-04-17,JPY,YEN,170.48,172.2,180.56
2023-04-18,JPY,YEN,169.76,171.48,179.8
2023-04-19,JPY,YEN,170.23,171.95,180.29
2023-04-20,JPY,YEN,169.59,171.3,179.54
2023-04-21,JPY,YEN,170.32,172.04,180.31
2023-04-22,JPY,YEN,170.32,172.04,180.31
2023-04-23,JPY,YEN,170.32,172.04,180.31
2023-04-24,JPY,YEN,170.24,171.96,180.22
2023-04-25,JPY,YEN,170.24,171.96,180.22
2023-04-26,JPY,YEN,170.89,172.61,180.91
2023-04-27,JPY,YEN,170.59,172.31,180.59
2023-04-28,JPY,YEN,168.28,169.98,178.16
2023-04-29,JPY,YEN,168.28,169.98,178.16
2023-04-30,JPY,YEN,168.28,169.98,178.16
2023-05-01,JPY,YEN,168.28,169.98,178.16
2023-05-02,JPY,YEN,168.28,169.98,178.16
2023-05-03,JPY,YEN,168.28,169.98,178.16
2023-05-04,JPY,YEN,169.35,171.06,179.36
2023-05-05,JPY,YEN,170.04,171.76,180.02
2023-05-06,JPY,YEN,170.04,171.76,180.02
2023-05-07,JPY,YEN,170.04,171.76,180.02
2023-05-08,JPY,YEN,168.98,170.69,178.9
2023-05-09,JPY,YEN,168.92,170.63,178.83
2023-05-10,JPY,YEN,168.93,170.64,178.84
2023-05-11,JPY,YEN,169.78,171.5,179.74
2023-05-12,JPY,YEN,169.8,171.51,179.76
2023-05-13,JPY,YEN,169.8,171.51,179.76
2023-05-14,JPY,YEN,169.8,171.51,179.76
2023-05-15,JPY,YEN,167.73,169.42,177.57
2023-05-16,JPY,YEN,167.72,169.41,177.56
2023-05-17,JPY,YEN,167.27,168.96,177.09
2023-05-18,JPY,YEN,165.56,167.24,175.28
2023-05-19,JPY,YEN,164.97,166.64,174.65
2023-05-20,JPY,YEN,164.97,166.64,174.65
2023-05-21,JPY,YEN,164.97,166.64,174.65
2023-05-22,JPY,YEN,165.37,167.04,175.07
2023-05-23,JPY,YEN,164.81,166.47,174.48
2023-05-24,JPY,YEN,164.82,166.48,174.49
2023-05-25,JPY,YEN,163.5,165.15,173.09
2023-05-26,JPY,YEN,163.38,165.03,172.96
2023-05-27,JPY,YEN,163.38,165.03,172.96
2023-05-28,JPY,YEN,163.38,165.03,172.96
2023-05-29,JPY,YEN,162.18,163.82,171.7
2023-05-30,JPY,YEN,162.62,164.27,172.16
2023-05-31,JPY,YEN,163.77,165.42,173.37
2023-06-01,JPY,YEN,163.2,164.85,172.78
2023-06-02,JPY,YEN,164.43,166.09,174.07
2023-06-03,JPY,YEN,164.43,166.09,174.07
2023-06-04,JPY,YEN,164.43,166.09,174.07
2023-06-05,JPY,YEN,163.15,164.79,172.72
2023-06-06,JPY,YEN,163.63,165.28,173.22
2023-06-07,JPY,YEN,163.88,165.54,173.5
2023-06-08,JPY,YEN,163.25,164.9,172.83
2023-06-09,JPY,YEN,163.74,165.4,173.35
2023-06-10,JPY,YEN,163.74,165.4,173.35
2023-06-11,JPY,YEN,163.74,165.4,173.35
2023-06-12,JPY,YEN,163.61,165.27,173.21
2023-06-13,JPY,YEN,163.74,165.4,173.35
2023-06-14,JPY,YEN,163.26,164.91,172.84
2023-06-15,JPY,YEN,161.97,163.6,171.47
2023-06-16,JPY,YEN,162.69,164.34,172.24
2023-06-17,JPY,YEN,162.69,164.34,172.24
2023-06-18,JPY,YEN,162.69,164.34,172.24
2023-06-19,JPY,YEN,161.21,162.84,170.67
2023-06-20,JPY,YEN,161.47,163.11,170.95
2023-06-21,JPY,YEN,161.06,162.69,170.51
2023-06-22,JPY,YEN,161.21,162.84,170.67
2023-06-23,JPY,YEN,160.16,161.78,169.56
2023-06-24,JPY,YEN,160.16,161.78,169.56
2023-06-25,JPY,YEN,160.16,161.78,169.56
2023-06-26,JPY,YEN,159.75,161.36,169.12
2023-06-27,JPY,YEN,159.53,161.14,168.89
2023-06-28,JPY,YEN,159.17,160.77,168.5
2023-06-29,JPY,YEN,158.78,160.38,168.09
2023-06-30,JPY,YEN,158.32,159.92,167.61
2023-07-01,JPY,YEN,158.32,159.92,167.61
2023-07-02,JPY,YEN,158.32,159.92,167.61
2023-07-03,JPY,YEN,158.97,160.57,168.29
2023-07-04,JPY,YEN,159.44,161.05,168.79
2023-07-05,JPY,YEN,159.94,161.56,169.32
2023-07-06,JPY,YEN,160.01,161.63,169.4
2023-07-07,JPY,YEN,160.65,162.28,170.08
2023-07-08,JPY,YEN,160.65,162.28,170.08
2023-07-09,JPY,YEN,160.65,162.28,170.08
2023-07-10,JPY,YEN,161.58,163.21,171.06
2023-07-11,JPY,YEN,163.92,165.57,173.53
2023-07-12,JPY,YEN,165.19,166.85,174.87
2023-07-13,JPY,YEN,166.23,167.91,175.98
2023-07-14,JPY,YEN,166.15,167.82,175.89
2023-07-15,JPY,YEN,166.15,167.82,175.89
2023-07-16,JPY,YEN,166.15,167.82,175.89
2023-07-17,JPY,YEN,165.74,167.41,175.46
2023-07-18,JPY,YEN,166.23,167.91,175.98
2023-07-19,JPY,YEN,164.58,166.24,174.23
2023-07-20,JPY,YEN,165.11,166.78,174.79
2023-07-21,JPY,YEN,162.1,163.74,171.61
2023-07-22,JPY,YEN,162.1,163.74,171.61
2023-07-23,JPY,YEN,162.1,163.74,171.61
2023-07-24,JPY,YEN,162.3,163.94,171.82
2023-07-25,JPY,YEN,162.83,164.47,172.38
2023-07-26,JPY,YEN,163.09,164.74,172.66
2023-07-27,JPY,YEN,164.0,165.66,173.62
2023-07-28,JPY,YEN,165.52,167.19,175.22
2023-07-29,JPY,YEN,165.52,167.19,175.22
2023-07-30,JPY,YEN,165.52,167.19,175.22
2023-07-31,JPY,YEN,163.53,165.18,173.12
2023-08-01,JPY,YEN,161.42,163.05,170.89
2023-08-02,JPY,YEN,161.74,163.38,171.23
2023-08-03,JPY,YEN,161.47,163.1,170.94
2023-08-04,JPY,YEN,161.74,163.38,171.23
2023-08-05,JPY,YEN,161.74,163.38,171.23
2023-08-06,JPY,YEN,161.74,163.38,171.23
2023-08-07,JPY,YEN,162.21,163.85,171.72
2023-08-08,JPY,YEN,161.3,162.93,170.76
2023-08-09,JPY,YEN,161.26,162.88,170.71
2023-08-10,JPY,YEN,160.57,162.19,169.99
2023-08-11,JPY,YEN,159.49,161.1,168.84
2023-08-12,JPY,YEN,159.49,161.1,168.84
2023-08-13,JPY,YEN,159.49,161.1,168.84
2023-08-14,JPY,YEN,159.9,161.52,169.28
2023-08-15,JPY,YEN,160.05,161.66,169.5
2023-08-16,JPY,YEN,160.21,161.83,169.6
2023-08-17,JPY,YEN,158.78,160.38,168.09
2023-08-18,JPY,YEN,159.12,160.73,168.45
2023-08-19,JPY,YEN,159.12,160.73,168.45
2023-08-20,JPY,YEN,159.12,160.73,168.45
2023-08-21,JPY,YEN,158.9,160.51,168.22
2023-08-22,JPY,YEN,159.67,161.28,168.96
2023-08-23,JPY,YEN,160.22,161.84,169.62
2023-08-24,JPY,YEN,160.88,162.5,170.31
2023-08-25,JPY,YEN,159.68,161.29,169.04
2023-08-26,JPY,YEN,159.68,161.29,169.04
2023-08-27,JPY,YEN,159.68,161.29,169.04
2023-08-28,JPY,YEN,159.88,161.5,169.26
2023-08-29,JPY,YEN,160.58,162.2,170.06
2023-08-30,JPY,YEN,160.62,162.24,170.04
2023-08-31,JPY,YEN,160.55,162.17,169.96
2023-09-01,JPY,YEN,160.55,162.17,169.96
2023-09-02,JPY,YEN,160.55,162.17,169.96
2023-09-03,JPY,YEN,160.55,162.17,169.96
2023-09-04,JPY,YEN,160.55,162.17,169.96
2023-09-05,JPY,YEN,159.68,161.29,169.13
2023-09-06,JPY,YEN,159.02,160.62,168.36
2023-09-07,JPY,YEN,158.74,160.34,168.07
2023-09-08,JPY,YEN,159.49,161.1,168.86
2023-09-09,JPY,YEN,159.49,161.1,168.86
2023-09-10,JPY,YEN,159.49,161.1,168.86
2023-09-11,JPY,YEN,159.84,161.45,169.23
2023-09-12,JPY,YEN,160.36,161.98,169.85
2023-09-13,JPY,YEN,159.88,161.5,169.28
2023-09-14,JPY,YEN,160.31,161.93,169.73
2023-09-15,JPY,YEN,160.44,162.06,169.86
2023-09-16,JPY,YEN,160.44,162.06,169.86
2023-09-17,JPY,YEN,160.44,162.06,169.86
2023-09-18,JPY,YEN,160.87,162.5,170.32
2023-09-19,JPY,YEN,160.86,162.49,170.31
2023-09-20,JPY,YEN,160.09,161.7,169.49
2023-09-21,JPY,YEN,159.81,161.43,169.2
2023-09-22,JPY,YEN,160.27,161.89,169.69
2023-09-23,JPY,YEN,160.27,161.89,169.69
2023-09-24,JPY,YEN,160.27,161.89,169.69
2023-09-25,JPY,YEN,159.6,161.21,168.95
2023-09-26,JPY,YEN,159.1,160.71,168.41
2023-09-27,JPY,YEN,158.86,160.47,168.17
2023-09-28,JPY,YEN,158.61,160.21,167.9
2023-09-29,JPY,YEN,158.64,160.24,167.93
2023-09-30,JPY,YEN,158.64,160.24,167.93
2023-10-01,JPY,YEN,158.64,160.24,167.93
2023-10-02,JPY,YEN,157.8,159.39,167.04
2023-10-03,JPY,YEN,158.19,159.78,167.45
2023-10-04,JPY,YEN,158.99,160.59,168.29
2023-10-05,JPY,YEN,159.04,160.64,168.35
2023-10-06,JPY,YEN,159.03,160.63,168.34
2023-10-07,JPY,YEN,159.03,160.63,168.34
2023-10-08,JPY,YEN,159.03,160.63,168.34
2023-10-09,JPY,YEN,158.89,160.49,168.19
2023-10-10,JPY,YEN,159.23,160.84,168.55
2023-10-11,JPY,YEN,159.59,161.2,168.93
2023-10-12,JPY,YEN,159.12,160.73,168.43
2023-10-13,JPY,YEN,158.67,160.27,167.96
2023-10-14,JPY,YEN,158.67,160.27,167.96
2023-10-15,JPY,YEN,158.67,160.27,167.96
2023-10-16,JPY,YEN,159.01,160.62,168.32
2023-10-17,JPY,YEN,159.09,160.7,168.41
2023-10-18,JPY,YEN,159.11,160.71,168.42
2023-10-19,JPY,YEN,159.19,160.8,168.51
2023-10-20,JPY,YEN,159.1,160.7,168.41
2023-10-21,JPY,YEN,159.1,160.7,168.41
2023-10-22,JPY,YEN,159.1,160.7,168.41
2023-10-23,JPY,YEN,159.38,160.99,168.71
2023-10-24,JPY,YEN,159.69,161.3,169.03
2023-10-25,JPY,YEN,159.15,160.76,168.47
2023-10-26,JPY,YEN,158.84,160.44,168.14
2023-10-27,JPY,YEN,158.9,160.5,168.2
2023-10-28,JPY,YEN,158.9,160.5,168.2
2023-10-29,JPY,YEN,158.9,160.5,168.2
2023-10-30,JPY,YEN,159.48,161.09,168.82
2023-10-31,JPY,YEN,159.84,161.46,169.2
2023-11-01,JPY,YEN,157.85,159.45,167.09
2023-11-02,JPY,YEN,158.8,160.4,168.09
2023-11-03,JPY,YEN,158.43,160.03,167.7
2023-11-04,JPY,YEN,158.43,160.03,167.7
2023-11-05,JPY,YEN,158.43,160.03,167.7
2023-11-06,JPY,YEN,158.22,159.82,167.49
2023-11-07,JPY,YEN,157.11,158.7,166.31
2023-11-08,JPY,YEN,157.12,158.71,166.32
2023-11-09,JPY,YEN,156.62,158.2,165.79
2023-11-10,JPY,YEN,155.99,157.57,165.12
2023-11-11,JPY,YEN,155.99,157.57,165.12
2023-11-12,JPY,YEN,155.99,157.57,165.12
2023-11-13,JPY,YEN,156.06,157.63,165.2
2023-11-14,JPY,YEN,156.16,157.74,165.3
2023-11-15,JPY,YEN,156.53,158.11,165.7
2023-11-16,JPY,YEN,155.98,157.55,165.11
2023-11-17,JPY,YEN,156.55,158.13,165.71
2023-11-18,JPY,YEN,156.55,158.13,165.71
2023-11-19,JPY,YEN,156.55,158.13,165.71
2023-11-20,JPY,YEN,157.34,158.93,166.55
2023-11-21,JPY,YEN,158.91,160.51,168.21
2023-11-22,JPY,YEN,157.78,159.38,167.02
2023-11-23,JPY,YEN,157.81,159.41,167.05
2023-11-24,JPY,YEN,157.56,159.15,166.79
2023-11-25,JPY,YEN,157.56,159.15,166.79
2023-11-26,JPY,YEN,157.56,159.15,166.79
2023-11-27,JPY,YEN,158.13,159.73,167.39
2023-11-28,JPY,YEN,158.66,160.26,167.95
2023-11-29,JPY,YEN,159.84,161.45,169.2
2023-11-30,JPY,YEN,160.34,161.96,169.73
2023-12-01,JPY,YEN,159.3,160.91,168.63
2023-12-02,JPY,YEN,159.3,160.91,168.63
2023-12-03,JPY,YEN,159.3,160.91,168.63
2023-12-04,JPY,YEN,160.44,162.06,169.83
2023-12-05,JPY,YEN,160.54,162.16,169.94
2023-12-06,JPY,YEN,160.24,161.86,169.63
2023-12-07,JPY,YEN,161.25,162.88,170.69
2023-12-08,JPY,YEN,163.54,165.19,173.11
2023-12-09,JPY,YEN,163.54,165.19,173.11
2023-12-10,JPY,YEN,163.54,165.19,173.11
2023-12-11,JPY,YEN,161.05,162.68,170.48
2023-12-12,JPY,YEN,161.86,163.49,171.34
2023-12-13,JPY,YEN,161.88,163.52,171.36
2023-12-14,JPY,YEN,166.41,168.09,176.15
2023-12-15,JPY,YEN,166.13,167.81,175.86
2023-12-16,JPY,YEN,166.13,167.81,175.86
2023-12-17,JPY,YEN,166.13,167.81,175.86
2023-12-18,JPY,YEN,165.92,167.6,175.63
2023-12-19,JPY,YEN,163.99,165.65,173.6
2023-12-20,JPY,YEN,164.44,166.1,174.07
2023-12-21,JPY,YEN,164.78,166.45,174.43
2023-12-22,JPY,YEN,165.38,167.05,175.07
2023-12-23,JPY,YEN,165.38,167.05,175.07
2023-12-24,JPY,YEN,165.38,167.05,175.07
2023-12-25,JPY,YEN,165.55,167.22,175.24
2023-12-26,JPY,YEN,165.93,167.61,175.65
2023-12-27,JPY,YEN,165.76,167.43,175.46
2023-12-28,JPY,YEN,167.25,168.94,177.05
2023-12-29,JPY,YEN,166.1,167.78,175.83
2023-12-30,JPY,YEN,166.1,167.78,175.83
2023-12-31,JPY,YEN,166.1,167.78,175.83
2024-01-01,JPY,YEN,166.1,167.78,175.83
2024-01-02,JPY,YEN,167.32,169.01,177.12
2024-01-03,JPY,YEN,166.61,168.3,176.37
2024-01-04,JPY,YEN,164.93,166.59,174.59
2024-01-05,JPY,YEN,163.19,164.84,172.74
2024-01-06,JPY,YEN,163.19,164.84,172.74
2024-01-07,JPY,YEN,163.19,164.84,172.74
2024-01-08,JPY,YEN,163.66,165.32,173.25
2024-01-09,JPY,YEN,164.31,165.97,173.93
2024-01-10,JPY,YEN,163.46,165.11,173.03
2024-01-11,JPY,YEN,163.32,164.97,172.88
2024-01-12,JPY,YEN,163.45,165.1,173.0
2024-01-13,JPY,YEN,163.45,165.1,173.0
2024-01-14,JPY,YEN,163.45,165.1,173.0
2024-01-15,JPY,YEN,162.83,164.48,172.35
2024-01-16,JPY,YEN,162.53,164.17,172.03
2024-01-17,JPY,YEN,161.04,162.67,170.45
2024-01-18,JPY,YEN,161.16,162.79,170.58
2024-01-19,JPY,YEN,160.09,161.71,169.45
2024-01-20,JPY,YEN,160.09,161.71,169.45
2024-01-21,JPY,YEN,160.09,161.71,169.45
2024-01-22,JPY,YEN,160.67,162.3,170.06
2024-01-23,JPY,YEN,160.67,162.3,170.06
2024-01-24,JPY,YEN,161.31,162.93,170.73
2024-01-25,JPY,YEN,161.55,163.18,170.99
2024-01-26,JPY,YEN,161.55,163.18,170.99
2024-01-27,JPY,YEN,161.55,163.18,170.99
2024-01-28,JPY,YEN,161.55,163.18,170.99
2024-01-29,JPY,YEN,161.01,162.64,170.42
2024-01-30,JPY,YEN,160.63,162.26,170.02
2024-01-31,JPY,YEN,160.28,161.9,169.64
2024-02-01,JPY,YEN,161.38,163.01,170.81
2024-02-02,JPY,YEN,160.92,162.54,170.32
2024-02-03,JPY,YEN,160.92,162.54,170.32
2024-02-04,JPY,YEN,160.92,162.54,170.32
2024-02-05,JPY,YEN,159.23,160.83,168.53
2024-02-06,JPY,YEN,159.21,160.82,168.52
2024-02-07,JPY,YEN,159.44,161.05,169.87
2024-02-08,JPY,YEN,159.44,161.05,169.87
2024-02-09,JPY,YEN,159.44,161.05,169.87
2024-02-10,JPY,YEN,159.44,161.05,169.87
2024-02-11,JPY,YEN,159.44,161.05,169.87
2024-02-12,JPY,YEN,159.44,161.05,169.87
2024-02-13,JPY,YEN,159.44,161.05,169.87
2024-02-14,JPY,YEN,159.44,161.05,169.87
2024-02-15,JPY,YEN,157.73,159.32,166.95
2024-02-16,JPY,YEN,158.23,159.83,167.48
2024-02-17,JPY,YEN,158.23,159.83,167.48
2024-02-18,JPY,YEN,158.23,159.83,167.48
2024-02-19,JPY,YEN,158.62,160.22,167.89
2024-02-20,JPY,YEN,158.38,159.98,167.64
2024-02-21,JPY,YEN,158.58,160.18,167.85
2024-02-22,JPY,YEN,158.57,160.17,167.84
2024-02-23,JPY,YEN,158.4,160.0,167.65
2024-02-24,JPY,YEN,158.4,160.0,167.65
2024-02-25,JPY,YEN,158.4,160.0,167.65
2024-02-26,JPY,YEN,158.82,160.43,168.1
2024-02-27,JPY,YEN,158.89,160.5,168.18
2024-02-28,JPY,YEN,158.36,159.96,167.62
2024-02-29,JPY,YEN,159.58,161.2,168.91
2024-03-01,JPY,YEN,158.96,160.56,168.25
2024-03-02,JPY,YEN,158.96,160.56,168.25
2024-03-03,JPY,YEN,158.96,160.56,168.25
2024-03-04,JPY,YEN,159.18,160.79,168.48
2024-03-05,JPY,YEN,159.02,160.63,168.32
2024-03-06,JPY,YEN,159.95,161.56,169.3
2024-03-07,JPY,YEN,161.09,162.72,170.5
2024-03-08,JPY,YEN,161.84,163.48,171.3
2024-03-09,JPY,YEN,161.84,163.48,171.3
2024-03-10,JPY,YEN,161.84,163.48,171.3
2024-03-11,JPY,YEN,162.6,164.24,172.1
2024-03-12,JPY,YEN,162.71,164.36,172.22
2024-03-13,JPY,YEN,162.08,163.72,171.55
2024-03-14,JPY,YEN,161.99,163.63,171.46
2024-03-15,JPY,JAPANESE YEN,161.22,162.85,170.64
2024-03-16,JPY,JAPANESE YEN,161.22,162.85,170.64
2024-03-17,JPY,JAPANESE YEN,161.22,162.85,170.64
2024-03-18,JPY,JAPANESE YEN,160.36,161.98,169.73
2024-03-19,JPY,JAPANESE YEN,159.36,160.97,168.67
2024-03-20,JPY,JAPANESE YEN,158.63,160.23,167.89
2024-03-21,JPY,JAPANESE YEN,159.41,161.02,168.73
2024-03-22,JPY,JAPANESE YEN,158.7,160.3,167.97
2024-03-23,JPY,JAPANESE YEN,158.7,160.3,167.97
2024-03-24,JPY,JAPANESE YEN,158.7,160.3,167.97
2024-03-25,JPY,JAPANESE YEN,158.76,160.36,168.04
2024-03-26,JPY,JAPANESE YEN,158.84,160.44,168.12
2024-03-27,JPY,JAPANESE YEN,158.29,159.89,167.54
2024-03-28,JPY,JAPANESE YEN,158.69,160.29,167.96
2024-03-29,JPY,JAPANESE YEN,158.93,160.54,168.22
2024-03-30,JPY,JAPANESE YEN,158.93,160.54,168.22
2024-03-31,JPY,JAPANESE YEN,158.93,160.54,168.22
2024-04-01,JPY,JAPANESE YEN,158.94,160.55,168.23
2024-04-02,JPY,JAPANESE YEN,159.09,160.69,168.38
2024-04-03,JPY,JAPANESE YEN,159.55,161.16,168.87
2024-04-04,JPY,JAPANESE YEN,159.45,161.06,168.77
2024-04-05,JPY,JAPANESE YEN,160.06,161.68,169.41
2024-04-06,JPY,JAPANESE YEN,160.06,161.68,169.41
2024-04-07,JPY,JAPANESE YEN,160.06,161.68,169.41
2024-04-08,JPY,JAPANESE YEN,159.51,161.12,168.82
2024-04-09,JPY,JAPANESE YEN,159.4,161.01,168.71
2024-04-10,JPY,JAPANESE YEN,159.57,161.18,168.89
2024-04-11,JPY,JAPANESE YEN,158.65,160.26,167.92
2024-04-12,JPY,JAPANESE YEN,158.21,159.81,167.45
2024-04-13,JPY,JAPANESE YEN,158.21,159.81,167.45
2024-04-14,JPY,JAPANESE YEN,158.21,159.81,167.45
2024-04-15,JPY,JAPANESE YEN,158.38,159.98,167.63
2024-04-16,JPY,JAPANESE YEN,158.47,160.07,167.73
2024-04-17,JPY,JAPANESE YEN,158.53,160.13,167.79
2024-04-18,JPY,JAPANESE YEN,158.53,160.13,167.79
2024-04-19,JPY,JAPANESE YEN,160.5,162.12,169.87
2024-04-20,JPY,JAPANESE YEN,160.5,162.12,169.87
2024-04-21,JPY,JAPANESE YEN,160.5,162.12,169.87
2024-04-22,JPY,JAPANESE YEN,159.56,161.17,168.87
2024-04-23,JPY,JAPANESE YEN,160.26,161.88,169.61
2024-04-24,JPY,JAPANESE YEN,159.03,160.63,168.31
2024-04-25,JPY,JAPANESE YEN,158.1,159.69,167.33
2024-04-26,JPY,JAPANESE YEN,156.74,158.32,166.02
2024-04-27,JPY,JAPANESE YEN,156.74,158.32,166.02
2024-04-28,JPY,JAPANESE YEN,156.74,158.32,166.02
2024-04-29,JPY,JAPANESE YEN,156.74,158.32,166.02
2024-04-30,JPY,JAPANESE YEN,156.74,158.32,166.02
2024-05-01,JPY,JAPANESE YEN,156.74,158.32,166.02
2024-05-02,JPY,JAPANESE YEN,157.89,159.49,167.11
2024-05-03,JPY,JAPANESE YEN,160.99,162.62,170.39
2024-05-04,JPY,JAPANESE YEN,161.02,162.65,170.43
2024-05-05,JPY,JAPANESE YEN,161.02,162.65,170.43
2024-05-06,JPY,JAPANESE YEN,160.12,161.74,169.47
2024-05-07,JPY,JAPANESE YEN,159.45,161.06,168.76
2024-05-08,JPY,JAPANESE YEN,159.17,160.78,168.47
2024-05-09,JPY,JAPANESE YEN,158.51,160.11,167.77
2024-05-10,JPY,JAPANESE YEN,158.55,160.16,167.81
2024-05-11,JPY,JAPANESE YEN,158.55,160.16,167.81
2024-05-12,JPY,JAPANESE YEN,158.55,160.16,167.81
2024-05-13,JPY,JAPANESE YEN,158.36,159.96,167.61
2024-05-14,JPY,JAPANESE YEN,157.9,159.5,167.12
2024-05-15,JPY,JAPANESE YEN,157.88,159.47,166.96
2024-05-16,JPY,JAPANESE YEN,160.2,161.82,169.55
2024-05-17,JPY,JAPANESE YEN,158.48,160.08,167.74
2024-05-18,JPY,JAPANESE YEN,158.48,160.08,167.74
2024-05-19,JPY,JAPANESE YEN,158.48,160.08,167.74
2024-05-20,JPY,JAPANESE YEN,158.4,160.0,167.58
2024-05-21,JPY,JAPANESE YEN,157.78,159.38,166.95
2024-05-22,JPY,JAPANESE YEN,158.02,159.61,167.24
2024-05-23,JPY,JAPANESE YEN,157.53,159.12,166.73
2024-05-24,JPY,JAPANESE YEN,157.13,158.72,166.31
2024-05-25,JPY,JAPANESE YEN,157.13,158.72,166.31
2024-05-26,JPY,JAPANESE YEN,157.13,158.72,166.31
2024-05-27,JPY,JAPANESE YEN,157.54,159.14,166.74
2024-05-28,JPY,JAPANESE YEN,157.34,158.93,166.52
2024-05-29,JPY,JAPANESE YEN,156.84,158.42,166.0
2024-05-30,JPY,JAPANESE YEN,156.85,158.44,166.01
2024-05-31,JPY,JAPANESE YEN,157.44,159.03,166.63
2024-06-01,JPY,JAPANESE YEN,157.44,159.03,166.63
2024-06-02,JPY,JAPANESE YEN,157.44,159.03,166.63
2024-06-03,JPY,JAPANESE YEN,156.64,158.23,165.79
2024-06-04,JPY,JAPANESE YEN,158.71,160.32,167.98
2024-06-05,JPY,JAPANESE YEN,158.8,160.4,168.07
2024-06-06,JPY,JAPANESE YEN,157.73,159.32,166.94
2024-06-07,JPY,JAPANESE YEN,158.29,159.88,167.53
2024-06-08,JPY,JAPANESE YEN,158.29,159.88,167.53
2024-06-09,JPY,JAPANESE YEN,158.29,159.88,167.53
2024-06-10,JPY,JAPANESE YEN,157.11,158.7,166.28
2024-06-11,JPY,JAPANESE YEN,156.79,158.37,165.94
2024-06-12,JPY,JAPANESE YEN,156.93,158.51,166.09
2024-06-13,JPY,JAPANESE YEN,156.98,158.56,166.14
2024-06-14,JPY,JAPANESE YEN,156.13,157.71,165.25
2024-06-15,JPY,JAPANESE YEN,156.13,157.71,165.25
2024-06-16,JPY,JAPANESE YEN,156.13,157.71,165.25
2024-06-17,JPY,JAPANESE YEN,156.52,158.1,165.66
2024-06-18,JPY,JAPANESE YEN,156.24,157.81,165.36
2024-06-19,JPY,JAPANESE YEN,156.27,157.85,165.4
2024-06-20,JPY,JAPANESE YEN,156.17,157.74,165.28
2024-06-21,JPY,JAPANESE YEN,155.28,156.85,164.33
2024-06-22,JPY,JAPANESE YEN,155.28,156.85,164.33
2024-06-23,JPY,JAPANESE YEN,155.28,156.85,164.33
2024-06-24,JPY,JAPANESE YEN,154.45,156.01,163.46
2024-06-25,JPY,JAPANESE YEN,154.62,156.18,163.64
2024-06-26,JPY,JAPANESE YEN,154.44,156.0,163.45
2024-06-27,JPY,JAPANESE YEN,153.76,155.31,162.73
2024-06-28,JPY,JAPANESE YEN,153.35,154.9,162.3
2024-06-29,JPY,JAPANESE YEN,153.35,154.9,162.3
2024-06-30,JPY,JAPANESE YEN,153.35,154.9,162.3
2024-07-01,JPY,JAPANESE YEN,153.1,154.65,162.04
2024-07-02,JPY,JAPANESE YEN,152.75,154.3,161.67
2024-07-03,JPY,JAPANESE YEN,152.76,154.31,161.68
2024-07-04,JPY,JAPANESE YEN,152.72,154.27,161.64
2024-07-05,JPY,JAPANESE YEN,153.24,154.79,162.19
2024-07-06,JPY,JAPANESE YEN,153.24,154.79,162.19
2024-07-07,JPY,JAPANESE YEN,153.24,154.79,162.19
2024-07-08,JPY,JAPANESE YEN,153.42,154.97,162.38
2024-07-09,JPY,JAPANESE YEN,153.35,154.9,162.3
2024-07-10,JPY,JAPANESE YEN,152.71,154.25,161.62
2024-07-11,JPY,JAPANESE YEN,152.53,154.07,161.43
2024-07-12,JPY,JAPANESE YEN,155.22,156.79,164.28
2024-07-13,JPY,JAPANESE YEN,155.22,156.79,164.28
2024-07-14,JPY,JAPANESE YEN,155.22,156.79,164.28
2024-07-15,JPY,JAPANESE YEN,155.88,157.46,164.99
2024-07-16,JPY,JAPANESE YEN,155.32,156.89,164.39
2024-07-17,JPY,JAPANESE YEN,157.08,158.67,166.25
2024-07-18,JPY,JAPANESE YEN,156.75,158.34,165.91
2024-07-19,JPY,JAPANESE YEN,156.15,157.73,165.27
2024-07-20,JPY,JAPANESE YEN,156.15,157.73,165.27
2024-07-21,JPY,JAPANESE YEN,156.15,157.73,165.27
2024-07-22,JPY,JAPANESE YEN,156.71,158.29,165.86
2024-07-23,JPY,JAPANESE YEN,156.8,158.38,165.96
2024-07-24,JPY,JAPANESE YEN,157.81,159.41,167.03
2024-07-25,JPY,JAPANESE YEN,161.1,162.72,170.5
2024-07-26,JPY,JAPANESE YEN,159.31,160.92,168.61
2024-07-27,JPY,JAPANESE YEN,159.31,160.92,168.61
2024-07-28,JPY,JAPANESE YEN,159.31,160.92,168.61
2024-07-29,JPY,JAPANESE YEN,159.63,161.24,168.95
2024-07-30,JPY,JAPANESE YEN,159.32,160.93,168.62
2024-07-31,JPY,JAPANESE YEN,162.4,164.04,171.88
2024-08-01,JPY,JAPANESE YEN,163.61,165.27,173.17
2024-08-02,JPY,JAPANESE YEN,164.24,165.9,173.83
2024-08-03,JPY,JAPANESE YEN,164.24,165.9,173.83
2024-08-04,JPY,JAPANESE YEN,164.24,165.9,173.83
2024-08-05,JPY,JAPANESE YEN,171.21,172.94,181.21
2024-08-06,JPY,JAPANESE YEN,167.45,169.14,177.23
2024-08-07,JPY,JAPANESE YEN,166.41,168.09,176.13
2024-08-08,JPY,JAPANESE YEN,166.88,168.56,176.62
2024-08-09,JPY,JAPANESE YEN,165.29,166.96,174.94
2024-08-10,JPY,JAPANESE YEN,165.29,166.96,174.94
2024-08-11,JPY,JAPANESE YEN,165.29,166.96,174.94
2024-08-12,JPY,JAPANESE YEN,165.84,167.52,175.53
2024-08-13,JPY,JAPANESE YEN,165.48,167.15,175.14
2024-08-14,JPY,JAPANESE YEN,165.02,166.69,174.66
2024-08-15,JPY,JAPANESE YEN,164.57,166.23,174.18
2024-08-16,JPY,JAPANESE YEN,163.14,164.79,172.67
2024-08-17,JPY,JAPANESE YEN,163.14,164.79,172.67
2024-08-18,JPY,JAPANESE YEN,163.14,164.79,172.67
2024-08-19,JPY,JAPANESE YEN,166.53,168.22,176.26
2024-08-20,JPY,JAPANESE YEN,164.97,166.63,174.61
2024-08-21,JPY,JAPANESE YEN,166.28,167.96,176.0
2024-08-22,JPY,JAPANESE YEN,166.35,168.03,176.06
2024-08-23,JPY,JAPANESE YEN,166.65,168.33,176.38
2024-08-24,JPY,JAPANESE YEN,166.65,168.33,176.38
2024-08-25,JPY,JAPANESE YEN,166.65,168.33,176.38
2024-08-26,JPY,JAPANESE YEN,167.84,169.54,177.65
2024-08-27,JPY,JAPANESE YEN,166.27,167.95,175.98
2024-08-28,JPY,JAPANESE YEN,166.87,168.56,176.62
2024-08-29,JPY,JAPANESE YEN,166.65,168.33,176.39
2024-08-30,JPY,JAPANESE YEN,166.07,167.74,175.91
2024-08-31,JPY,JAPANESE YEN,166.07,167.74,175.91
2024-09-01,JPY,JAPANESE YEN,166.07,167.74,175.91
2024-09-02,JPY,JAPANESE YEN,166.07,167.74,175.91
2024-09-03,JPY,JAPANESE YEN,166.07,167.74,175.91
2024-09-04,JPY,JAPANESE YEN,165.89,167.56,175.58
2024-09-05,JPY,JAPANESE YEN,167.2,168.88,176.97
2024-09-06,JPY,JAPANESE YEN,167.72,169.42,177.53
2024-09-07,JPY,JAPANESE YEN,167.72,169.42,177.53
2024-09-08,JPY,JAPANESE YEN,167.72,169.42,177.53
2024-09-09,JPY,JAPANESE YEN,167.04,168.73,176.8
2024-09-10,JPY,JAPANESE YEN,166.97,168.66,176.73
2024-09-11,JPY,JAPANESE YEN,168.57,170.27,178.42
2024-09-12,JPY,JAPANESE YEN,167.06,168.75,176.82
2024-09-13,JPY,JAPANESE YEN,168.91,170.62,178.78
2024-09-14,JPY,JAPANESE YEN,168.91,170.62,178.78
2024-09-15,JPY,JAPANESE YEN,168.91,170.62,178.78
2024-09-16,JPY,JAPANESE YEN,170.37,172.09,180.32
2024-09-17,JPY,JAPANESE YEN,169.55,171.26,179.46
2024-09-18,JPY,JAPANESE YEN,164.66,166.32,174.28
2024-09-19,JPY,JAPANESE YEN,166.03,167.71,175.7
2024-09-20,JPY,JAPANESE YEN,165.11,166.78,174.72
2024-09-21,JPY,JAPANESE YEN,165.11,166.78,174.72
2024-09-22,JPY,JAPANESE YEN,165.11,166.78,174.72
2024-09-23,JPY,JAPANESE YEN,165.47,167.14,175.1
2024-09-24,JPY,JAPANESE YEN,164.52,166.18,174.1
2024-09-25,JPY,JAPANESE YEN,164.74,166.41,174.33
2024-09-26,JPY,JAPANESE YEN,164.08,165.73,173.63
2024-09-27,JPY,JAPANESE YEN,165.21,166.88,174.83
2024-09-28,JPY,JAPANESE YEN,165.21,166.88,174.83
2024-09-29,JPY,JAPANESE YEN,165.21,166.88,174.83
2024-09-30,JPY,JAPANESE YEN,166.57,168.26,176.27
2024-10-01,JPY,JAPANESE YEN,164.82,166.48,174.41
2024-10-02,JPY,JAPANESE YEN,165.78,167.46,175.47
2024-10-03,JPY,JAPANESE YEN,163.84,165.5,173.41
2024-10-04,JPY,JAPANESE YEN,163.16,164.81,172.66
2024-10-05,JPY,JAPANESE YEN,163.16,164.81,172.66
2024-10-06,JPY,JAPANESE YEN,163.16,164.81,172.66
2024-10-07,JPY,JAPANESE YEN,161.63,163.26,171.03
2024-10-08,JPY,JAPANESE YEN,162.37,164.01,171.82
2024-10-09,JPY,JAPANESE YEN,161.97,163.6,171.39
2024-10-10,JPY,JAPANESE YEN,160.86,162.48,170.22
2024-10-11,JPY,JAPANESE YEN,161.08,162.71,170.46
2024-10-12,JPY,JAPANESE YEN,161.08,162.71,170.46
2024-10-13,JPY,JAPANESE YEN,161.08,162.71,170.46
2024-10-14,JPY,JAPANESE YEN,160.56,162.18,169.9
2024-10-15,JPY,JAPANESE YEN,161.41,163.04,170.8
2024-10-16,JPY,JAPANESE YEN,161.58,163.21,170.98
2024-10-17,JPY,JAPANESE YEN,162.27,163.91,171.7
2024-10-18,JPY,JAPANESE YEN,161.96,163.6,171.38
2024-10-19,JPY,JAPANESE YEN,161.96,163.6,171.38
2024-10-20,JPY,JAPANESE YEN,161.96,163.6,171.38
2024-10-21,JPY,JAPANESE YEN,162.88,164.53,172.35
2024-10-22,JPY,JAPANESE YEN,162.4,164.04,171.84
2024-10-23,JPY,JAPANESE YEN,161.78,163.42,171.19
2024-10-24,JPY,JAPANESE YEN,160.64,162.26,169.98
2024-10-25,JPY,JAPANESE YEN,161.12,162.75,170.49
2024-10-26,JPY,JAPANESE YEN,161.12,162.75,170.49
2024-10-27,JPY,JAPANESE YEN,161.12,162.75,170.49
2024-10-28,JPY,JAPANESE YEN,159.54,161.15,168.82
2024-10-29,JPY,JAPANESE YEN,159.71,161.33,169.0
2024-10-30,JPY,JAPANESE YEN,159.53,161.15,168.81
2024-10-31,JPY,JAPANESE YEN,160.39,162.01,169.72
2024-11-01,JPY,JAPANESE YEN,159.91,161.53,169.21
2024-11-02,JPY,JAPANESE YEN,159.91,161.53,169.21
2024-11-03,JPY,JAPANESE YEN,159.91,161.53,169.21
2024-11-04,JPY,JAPANESE YEN,160.61,162.23,169.94
2024-11-05,JPY,JAPANESE YEN,160.55,162.17,169.89
2024-11-06,JPY,JAPANESE YEN,158.99,160.6,168.24
2024-11-07,JPY,JAPANESE YEN,158.43,160.03,167.65
2024-11-08,JPY,JAPANESE YEN,159.65,161.26,168.93
2024-11-09,JPY,JAPANESE YEN,159.65,161.26,168.93
2024-11-10,JPY,JAPANESE YEN,159.65,161.26,168.93
2024-11-11,JPY,JAPANESE YEN,159.21,160.82,168.47
2024-11-12,JPY,JAPANESE YEN,158.95,160.55,168.19
2024-11-13,JPY,JAPANESE YEN,158.3,159.9,167.51
2024-11-14,JPY,JAPANESE YEN,157.01,158.6,166.14
2024-11-15,JPY,JAPANESE YEN,156.74,158.32,165.85
2024-11-16,JPY,JAPANESE YEN,156.74,158.32,165.85
2024-11-17,JPY,JAPANESE YEN,156.74,158.32,165.85
2024-11-18,JPY,JAPANESE YEN,158.81,160.41,168.04
2024-11-19,JPY,JAPANESE YEN,158.83,160.43,168.06
2024-11-20,JPY,JAPANESE YEN,158.24,159.84,167.44
2024-11-21,JPY,JAPANESE YEN,158.28,159.87,167.48
2024-11-22,JPY,JAPANESE YEN,158.58,160.19,167.8
2024-11-23,JPY,JAPANESE YEN,158.58,160.19,167.8
2024-11-24,JPY,JAPANESE YEN,158.58,160.19,167.8
2024-11-25,JPY,JAPANESE YEN,159.21,160.82,168.47
2024-11-26,JPY,JAPANESE YEN,159.37,160.97,168.63
2024-11-27,JPY,JAPANESE YEN,161.62,163.26,171.02
2024-11-28,JPY,JAPANESE YEN,161.49,163.12,170.88
2024-11-29,JPY,JAPANESE YEN,162.4,164.04,171.84
2024-11-30,JPY,JAPANESE YEN,162.4,164.04,171.84
2024-12-01,JPY,JAPANESE YEN,162.4,164.04,171.84
2024-12-02,JPY,JAPANESE YEN,162.88,164.53,172.36
2024-12-03,JPY,JAPANESE YEN,163.5,165.15,173.01
2024-12-04,JPY,JAPANESE YEN,163.75,165.4,173.27
2024-12-05,JPY,JAPANESE YEN,163.16,164.81,172.65
2024-12-06,JPY,JAPANESE YEN,163.49,165.14,173.0
2024-12-07,JPY,JAPANESE YEN,163.49,165.14,173.0
2024-12-08,JPY,JAPANESE YEN,163.49,165.14,173.0
2024-12-09,JPY,JAPANESE YEN,163.49,165.14,173.0
2024-12-10,JPY,JAPANESE YEN,161.5,163.13,170.89
2024-12-11,JPY,JAPANESE YEN,161.35,162.98,170.73
2024-12-12,JPY,JAPANESE YEN,161.13,162.76,170.5
2024-12-13,JPY,JAPANESE YEN,160.34,161.96,169.67
2024-12-14,JPY,JAPANESE YEN,160.34,161.96,169.67
2024-12-15,JPY,JAPANESE YEN,160.34,161.96,169.67
2024-12-16,JPY,JAPANESE YEN,159.34,160.95,168.61
2024-12-17,JPY,JAPANESE YEN,158.95,160.56,168.19
2024-12-18,JPY,JAPANESE YEN,159.67,161.28,168.95
2024-12-19,JPY,JAPANESE YEN,158.63,160.23,167.85
2024-12-20,JPY,JAPANESE YEN,156.44,158.02,165.54
2024-12-21,JPY,JAPANESE YEN,156.44,158.02,165.54
2024-12-22,JPY,JAPANESE YEN,156.44,158.02,165.54
2024-12-23,JPY,JAPANESE YEN,156.86,158.45,165.98
2024-12-24,JPY,JAPANESE YEN,156.18,157.75,165.26
2024-12-25,JPY,JAPANESE YEN,156.07,157.65,165.15
2024-12-26,JPY,JAPANESE YEN,155.93,157.51,165.0
2024-12-27,JPY,JAPANESE YEN,155.5,157.07,164.54
2024-12-28,JPY,JAPANESE YEN,155.5,157.07,164.54
2024-12-29,JPY,JAPANESE YEN,155.5,157.07,164.54
2024-12-30,JPY,JAPANESE YEN,155.63,157.2,164.68
2024-12-31,JPY,JAPANESE YEN,156.86,158.45,166.12
2025-01-01,JPY,JAPANESE YEN,156.86,158.45,166.12
2025-01-02,JPY,JAPANESE YEN,156.09,157.67,165.17
2025-01-03,JPY,JAPANESE YEN,156.2,157.77,165.28
2025-01-04,JPY,JAPANESE YEN,156.2,157.77,165.28
2025-01-05,JPY,JAPANESE YEN,156.2,157.77,165.28
2025-01-06,JPY,JAPANESE YEN,155.73,157.31,164.79
2025-01-07,JPY,JAPANESE YEN,154.74,156.3,163.68
2025-01-08,JPY,JAPANESE YEN,155.02,156.58,164.03
2025-01-09,JPY,JAPANESE YEN,154.85,156.41,163.85
2025-01-10,JPY,JAPANESE YEN,155.01,156.57,164.02
2025-01-11,JPY,JAPANESE YEN,155.01,156.57,164.02
2025-01-12,JPY,JAPANESE YEN,155.01,156.57,164.02
2025-01-13,JPY,JAPANESE YEN,155.75,157.32,165.65
2025-01-14,JPY,JAPANESE YEN,155.61,157.18,165.5
2025-01-15,JPY,JAPANESE YEN,155.01,156.57,164.86
2025-01-16,JPY,JAPANESE YEN,157.33,158.91,167.33
2025-01-17,JPY,JAPANESE YEN,157.06,158.64,167.04
2025-01-18,JPY,JAPANESE YEN,157.06,158.64,167.04
2025-01-19,JPY,JAPANESE YEN,157.06,158.64,167.04
2025-01-20,JPY,JAPANESE YEN,157.06,158.64,167.04
2025-01-21,JPY,JAPANESE YEN,156.64,158.23,166.6
2025-01-22,JPY,JAPANESE YEN,155.68,157.26,165.58
2025-01-23,JPY,JAPANESE YEN,155.11,156.68,164.97
2025-01-24,JPY,JAPANESE YEN,155.23,156.79,165.49
2025-01-25,JPY,JAPANESE YEN,155.23,156.79,165.49
2025-01-26,JPY,JAPANESE YEN,155.23,156.79,165.49
2025-01-27,JPY,JAPANESE YEN,155.23,156.79,165.49
2025-01-28,JPY,JAPANESE YEN,155.23,156.79,165.49
2025-01-29,JPY,JAPANESE YEN,155.23,156.79,165.49
2025-01-30,JPY,JAPANESE YEN,155.23,156.79,165.49
2025-01-31,JPY,JAPANESE YEN,155.23,156.79,165.49
2025-02-01,JPY,JAPANESE YEN,155.23,156.79,165.49
2025-02-02,JPY,JAPANESE YEN,155.23,156.79,165.49
2025-02-03,JPY,JAPANESE YEN,157.25,158.83,167.24
2025-02-04,JPY,JAPANESE YEN,156.59,158.17,166.55
2025-02-05,JPY,JAPANESE YEN,158.48,160.08,168.55
2025-02-06,JPY,JAPANESE YEN,159.85,161.46,170.01
2025-02-07,JPY,JAPANESE YEN,160.8,162.42,171.02
2025-02-08,JPY,JAPANESE YEN,160.8,162.42,171.02
2025-02-09,JPY,JAPANESE YEN,160.8,162.42,171.02
2025-02-10,JPY,JAPANESE YEN,161.11,162.74,171.36
2025-02-11,JPY,JAPANESE YEN,162.08,163.71,172.38
2025-02-12,JPY,JAPANESE YEN,160.39,162.01,170.58
2025-02-13,JPY,JAPANESE YEN,159.39,161.0,169.52
2025-02-14,JPY,JAPANESE YEN,160.54,162.17,170.75
2025-02-15,JPY,JAPANESE YEN,160.54,162.17,170.75
2025-02-16,JPY,JAPANESE YEN,160.54,162.17,170.75
2025-02-17,JPY,JAPANESE YEN,162.07,163.71,172.37
2025-02-18,JPY,JAPANESE YEN,162.05,163.68,172.35
2025-02-19,JPY,JAPANESE YEN,162.11,163.75,172.41
2025-02-20,JPY,JAPANESE YEN,164.2,165.86,174.64
2025-02-21,JPY,JAPANESE YEN,163.58,165.23,173.97
2025-02-22,JPY,JAPANESE YEN,163.58,165.23,173.97
2025-02-23,JPY,JAPANESE YEN,163.58,165.23,173.97
2025-02-24,JPY,JAPANESE YEN,164.84,166.5,175.32
2025-02-25,JPY,JAPANESE YEN,164.75,166.41,175.22
2025-02-26,JPY,JAPANESE YEN,165.07,166.74,175.57
2025-02-27,JPY,JAPANESE YEN,165.26,166.93,175.76
2025-02-28,JPY,JAPANESE YEN,163.73,165.39,174.14
2025-03-01,JPY,JAPANESE YEN,163.73,165.39,174.14
2025-03-02,JPY,JAPANESE YEN,163.73,165.39,174.14
2025-03-03,JPY,JAPANESE YEN,164.59,166.25,175.05
2025-03-04,JPY,JAPANESE YEN,165.43,167.1,175.95
2025-03-05,JPY,JAPANESE YEN,164.82,166.49,175.3
2025-03-06,JPY,JAPANESE YEN,165.82,167.49,176.36
2025-03-07,JPY,JAPANESE YEN,165.82,167.49,176.36
2025-03-08,JPY,JAPANESE YEN,166.91,168.6,177.52
2025-03-09,JPY,JAPANESE YEN,166.91,168.6,177.52
2025-03-10,JPY,JAPANESE YEN,167.32,169.01,177.95
2025-03-11,JPY,JAPANESE YEN,167.1,168.79,177.73
2025-03-12,JPY,JAPANESE YEN,165.88,167.55,176.42
2025-03-13,JPY,JAPANESE YEN,166.72,168.41,177.32
2025-03-14,JPY,JAPANESE YEN,166.21,167.89,176.78
2025-03-15,JPY,JAPANESE YEN,166.21,167.89,176.78
2025-03-16,JPY,JAPANESE YEN,166.21,167.89,176.78
2025-03-17,JPY,JAPANESE YEN,165.85,167.52,176.39
2025-03-18,JPY,JAPANESE YEN,164.42,166.08,174.88
2025-03-19,JPY,JAPANESE YEN,164.94,166.6,175.42
2025-03-20,JPY,JAPANESE YEN,166.21,167.89,176.78
2025-03-21,JPY,JAPANESE YEN,165.13,166.8,175.63
2025-03-22,JPY,JAPANESE YEN,165.13,166.8,175.63
2025-03-23,JPY,JAPANESE YEN,165.13,166.8,175.63
2025-03-24,JPY,JAPANESE YEN,165.24,166.91,175.75
2025-03-25,JPY,JAPANESE YEN,164.26,165.92,174.7
2025-03-26,JPY,JAPANESE YEN,164.4,166.06,174.85
2025-03-27,JPY,JAPANESE YEN,164.09,165.75,174.52
2025-03-28,JPY,JAPANESE YEN,163.3,164.95,173.68
2025-03-29,JPY,JAPANESE YEN,163.3,164.95,173.68
2025-03-30,JPY,JAPANESE YEN,163.3,164.95,173.68
2025-03-31,JPY,JAPANESE YEN,165.86,167.53,176.4
,JPY,JAPANESE YEN,165.34,167.01,175.85
,JPY,JAPANESE YEN,165.17,166.83,175.66
,JPY,JAPANESE YEN,169.81,171.53,180.6
,JPY,JAPANESE YEN,169.9,171.62,180.7
,JPY,JAPANESE YEN,169.9,171.62,180.7
,JPY,JAPANESE YEN,169.9,171.62,180.7
,JPY,JAPANESE YEN,169.9,171.62,180.7
,JPY,JAPANESE YEN,170.36,172.08,181.18
